Donald J. TRUMP / Michael R. PENCE,Hillary Rodham CLINTON / Timothy Michael KAINE,Gary JOHNSON / Bill WELD,Rocky Roque DE LA FUENTE / Michael STEINBERG,Jill STEIN / Ajamu BARAKA,Evan McMULLIN / Nathan JOHNSON,Precinct
436,97,9,0,0,8,21001AB
215,10,1,0,3,2,21001A102
359,28,6,0,3,3,21001A104
288,30,2,1,0,2,21001A105
422,148,14,1,6,9,21001B102
387,49,8,0,1,1,21001B104
341,89,13,0,1,13,21001C102
456,88,8,0,5,11,21001C104
328,44,1,0,0,1,21001D101
306,44,3,0,3,2,21001D103
275,103,5,0,3,1,21001D104
420,40,6,0,0,3,21001E101
473,152,12,0,3,10,21001E104
585,130,11,0,4,5,21001F101
349,63,11,0,1,2,21001F103
443,95,13,1,0,10,21001G101
554,113,18,0,2,9,21001G102
345,112,13,1,3,4,21003AB
411,150,13,0,7,3,21003A101
513,85,21,0,4,2,21003A102
545,104,8,2,0,7,21003B101
468,67,8,1,4,2,21003B102
230,49,5,0,4,0,21003B103
576,144,21,1,4,7,21003C101
710,136,22,0,2,11,21003C102
739,152,14,0,7,10,21003D101
325,57,6,0,0,4,21003D102
529,109,4,0,1,3,21003D103
235,41,3,0,0,1,21003E101
510,104,15,1,8,3,21003E102
330,39,8,0,2,6,21003E103
362,165,20,1,3,14,21005AB
435,223,22,0,5,14,21005A101
568,153,25,2,4,9,21005A102
524,200,20,0,4,5,21005B101
839,275,43,0,4,20,21005B102
550,211,24,0,2,9,21005C101
588,211,15,0,5,21,21005C102
601,129,17,0,1,12,21005D101
744,238,26,0,2,16,21005D102
1040,290,40,2,11,14,21005E101
524,135,20,0,8,9,21005E103
430,115,15,0,3,5,21005F101
313,75,10,1,0,4,21005F102
205,56,6,0,0,1,21005F103
519,158,16,0,2,12,21005F104
115,27,4,0,0,4,21007AB
224,37,3,0,1,0,21007A101
457,151,8,1,4,8,21007A102
103,11,2,0,0,0,21007A103
338,143,10,0,5,3,21007B101
116,25,4,0,0,0,21007B102
162,40,2,0,0,2,21007C101
194,48,8,0,1,0,21007C102
135,27,2,0,1,2,21007C103
211,51,9,1,0,1,21007C104
401,123,14,0,6,1,21007D101
205,36,3,1,0,1,21007D102
293,69,5,1,2,1,21007E101
207,28,3,0,0,0,21007E102
725,305,23,0,4,13,21009AB
436,257,12,0,4,7,21009A101
226,218,13,0,5,9,21009A102
510,183,28,0,5,5,21009A103
156,36,6,0,3,2,21009A104
738,152,24,0,3,7,21009B101
604,144,21,1,0,6,21009B102
338,57,16,0,0,8,21009B103
577,150,16,0,5,5,21009B104
363,86,16,1,0,4,21009C101
534,120,12,0,2,8,21009C102
508,130,18,0,2,7,21009C103
613,109,17,0,4,2,21009C104
587,109,21,0,2,2,21009D101
898,196,23,2,3,8,21009D102
581,272,14,0,3,11,21009D103
454,145,13,0,3,5,21009E101
366,120,12,0,2,3,21009E102
574,125,17,0,4,4,21009E103
610,131,21,1,2,5,21009E104
418,143,12,0,1,7,21009F101
542,185,29,1,4,8,21009F102
717,261,19,0,5,2,21009F103
613,253,21,3,13,15,21009G101
327,178,15,0,6,3,21009G102
468,210,16,1,8,11,21009G103
221,112,0,0,0,2,21011AB
115,66,3,0,4,4,21011A101
138,89,4,0,0,3,21011A102
142,42,5,0,1,1,21011A103
113,40,2,0,0,1,21011A104
404,170,5,0,2,3,21011A105
237,118,9,2,3,1,21011B102
463,188,16,0,4,4,21011B103
347,96,7,1,3,3,21011B104
291,131,8,1,3,2,21011C101
279,112,10,1,2,8,21011C102
154,103,3,1,2,1,21011C103
178,94,3,0,0,2,21011C104
521,149,9,0,5,5,21013AB
335,39,8,0,2,1,21013A101
286,57,4,0,0,0,21013A102
231,17,1,0,0,0,21013A103
253,40,7,0,1,0,21013A104
271,46,1,0,2,1,21013A105
107,43,1,0,0,0,21013B101
173,34,6,0,0,0,21013B102
221,44,0,0,0,0,21013B103
272,52,3,1,0,2,21013B104
107,40,2,1,0,0,21013B105
32,9,0,0,0,0,21013B106
335,37,3,0,1,0,21013B107
148,25,3,0,0,2,21013B108
266,63,7,0,1,3,21013C101
196,51,4,0,0,0,21013C102
204,62,5,1,1,3,21013C103
280,84,7,0,4,1,21013C104
422,83,8,0,3,3,21013C105
149,67,8,0,2,1,21013D101
255,121,9,0,3,3,21013D102
226,78,2,1,2,1,21013D103
105,68,6,0,2,1,21013D104
198,57,5,0,2,4,21013D105
309,92,8,0,6,3,21013D106
390,76,4,0,1,2,21013E101
222,27,5,0,0,0,21013E102
287,45,6,0,1,3,21013E103
323,55,2,0,2,1,21013E104
296,26,5,0,0,3,21013E105
344,33,5,0,1,1,21013E106
3291,1424,162,2,21,41,21015AB
323,85,13,0,2,1,21015A102
843,207,40,0,9,16,21015A103
759,176,31,0,7,14,21015A104
381,109,20,0,1,6,21015A105
362,100,12,0,1,2,21015A106
230,88,12,0,2,6,21015A107
687,254,43,0,4,15,21015A108
741,280,61,0,7,11,21015A109
438,100,19,0,1,6,21015A110
591,273,36,2,6,8,21015A111
476,156,31,0,6,10,21015A112
632,263,33,0,12,12,21015A113
927,285,60,1,8,11,21015A114
755,285,51,0,3,5,21015A115
410,135,18,0,5,10,21015A116
847,313,58,1,7,25,21015A117
603,149,19,0,2,7,21015A118
265,90,13,0,2,5,21015A119
933,258,44,0,2,11,21015A120
982,358,62,1,6,26,21015A121
481,139,39,0,1,9,21015A122
710,268,51,0,6,15,21015A123
610,128,25,0,2,8,21015B114
333,145,28,0,11,10,21015B115
485,188,24,0,4,7,21015B116
705,292,52,0,3,25,21015B117
273,143,22,0,4,6,21015B118
317,163,21,0,6,8,21015B119
493,183,21,0,1,14,21015B120
1061,380,55,1,10,21,21015B121
635,196,19,0,4,6,21015B122
940,366,51,0,10,36,21015B123
727,277,44,1,2,16,21015B124
745,299,65,0,10,28,21015B125
635,147,28,0,3,6,21015B126
779,227,42,0,12,20,21015B127
647,160,33,0,10,9,21015B128
667,253,58,0,9,16,21015B129
1300,490,65,0,13,28,21015B130
694,308,50,1,16,10,21015B131
769,344,59,3,9,15,21015B132
705,301,69,0,9,30,21015B133
596,183,22,0,5,5,21015B134
694,250,42,0,5,8,21015C102
645,304,37,0,6,10,21015C110
506,179,23,0,1,11,21015C117
476,281,32,0,10,15,21015C121
233,137,19,0,5,8,21015C123
407,270,20,0,5,11,21015C124
282,114,15,0,4,2,21015C125
136,138,17,1,3,0,21015C126
363,186,18,1,7,11,21015C127
311,125,16,1,8,8,21015C128
350,174,29,0,3,8,21015C129
539,297,27,3,9,13,21015C130
425,291,32,0,8,14,21015C131
419,222,24,0,9,2,21015C132
225,87,8,0,4,6,21015C133
800,355,57,0,6,13,21015C134
456,222,41,0,5,8,21015C135
387,139,18,1,3,3,21015C136
645,287,43,0,5,16,21015C137
296,231,16,1,3,8,21017AB
416,163,22,0,3,7,21017B101
215,139,16,1,2,5,21017B103
296,99,10,0,4,6,21017C101
134,51,6,0,0,3,21017C102
248,215,20,0,1,4,21017C103
451,188,32,0,1,6,21017D101
272,119,11,0,0,6,21017D103
471,178,16,0,4,8,21017E101
342,171,16,0,5,4,21017E103
350,129,21,0,6,8,21017F101
417,153,18,0,3,11,21017F102
215,70,13,0,1,6,21017F103
439,179,24,0,4,5,21017G101
364,219,17,0,6,3,21017G102
443,175,10,1,5,5,21017H101
200,312,15,1,4,1,21017H102
918,526,40,1,6,11,21019AB4
233,80,9,0,2,0,21019AB5
296,194,17,2,3,6,21019A101
510,135,9,1,1,3,21019A107
617,183,19,0,5,8,21019A108
496,164,10,1,2,5,21019A109
262,147,9,1,7,2,21019A110
234,124,10,0,1,4,21019A111
274,109,15,2,2,3,21019A113
68,51,4,0,2,0,21019A114A
248,164,8,0,8,5,21019A115
222,129,13,1,2,4,21019A116
597,121,12,0,4,9,21019A118
300,99,9,0,2,2,21019A119
300,91,12,0,3,3,21019A121
8,1,0,0,0,0,21019A122
195,138,7,0,2,3,21019B101A
245,152,12,0,5,2,21019B102A
203,129,12,0,6,5,21019B103A
179,128,7,0,10,1,21019B105
237,145,12,0,7,5,21019B106A
186,96,9,0,4,3,21019B107
273,115,4,0,3,2,21019B108
285,149,7,0,5,4,21019B109
251,183,26,0,7,3,21019B110
209,158,15,0,3,4,21019B114
349,185,13,0,3,8,21019B115
225,128,10,0,2,1,21019B116
199,103,10,0,2,2,21019B117
242,69,4,0,2,4,21019B118
276,98,6,0,4,4,21019B119
263,133,13,0,3,1,21019B121A
273,87,12,0,1,3,21019C102
237,82,7,0,5,0,21019C103
358,103,9,0,4,9,21019C104
303,123,6,0,1,5,21019C105
300,111,11,0,4,2,21019C106
182,104,7,0,3,6,21019C107
242,118,6,1,7,2,21019C108
137,83,5,1,2,1,21019C109A
3,0,0,0,0,0,21019C110
84,42,2,0,0,0,21019C111
306,118,6,0,5,4,21019C112
369,122,7,0,6,1,21019C113
353,111,16,0,2,6,21019C114
425,178,20,0,4,5,21019C115
348,127,7,0,2,4,21019C116
271,85,12,0,3,3,21019C117
485,296,21,0,3,16,21021AB
402,106,12,1,4,2,21021A101
458,144,4,0,4,9,21021A102
231,68,6,0,0,0,21021A103
446,70,7,0,3,3,21021A104
120,41,3,0,0,5,21021A105
176,35,8,0,0,2,21021B101
339,113,12,0,3,5,21021B102
581,198,21,0,3,10,21021B103
401,102,16,0,5,4,21021B104
308,231,9,1,1,6,21021C101
344,202,21,1,4,3,21021C102
144,94,9,0,1,2,21021C103
170,204,16,0,4,4,21021C104
387,291,14,2,3,16,21021D101
473,202,24,2,3,14,21021D102
514,184,16,0,3,3,21021D103
266,221,15,0,4,12,21021E101
237,206,20,1,0,5,21021E102
109,148,24,0,3,6,21021E103
103,285,10,0,9,5,21021E104
211,184,14,1,2,3,21021F101
285,168,15,0,2,5,21021F102
401,197,20,0,1,11,21021F103
264,163,12,1,0,8,21021F104
185,128,16,0,8,10,21021F105
208,104,2,1,1,9,21023AB
383,73,13,1,1,3,21023A101
277,88,7,0,2,3,21023B101
261,82,10,1,4,2,21023C101
367,60,4,0,1,1,21023D101
299,68,5,1,6,8,21023E101
312,74,5,0,2,2,21023F101
315,67,3,0,1,3,21023G101
289,89,2,1,2,4,21023H101
83,31,1,0,0,0,21025A101
257,58,6,0,2,1,21025A102
407,102,9,2,2,3,21025A103
208,90,7,1,3,6,21025A104
159,64,3,0,1,1,21025A105
142,51,4,0,0,5,21025B101
192,47,4,0,4,1,21025B102
264,90,9,0,0,3,21025B103
155,109,6,0,3,1,21025B104
104,63,5,0,0,0,21025B105
275,138,13,1,1,8,21025C101
129,58,2,0,1,0,21025C102
238,88,9,1,0,3,21025C103
204,45,3,1,2,2,21025C104
126,53,4,0,2,1,21025C105
71,34,1,0,1,2,21025D101
173,84,7,1,2,5,21025D102
260,85,3,0,3,0,21025D103
145,45,4,0,1,0,21025D104
55,13,4,0,0,1,21025D105
136,75,4,0,4,1,21025D106
4,0,0,0,0,0,21025Early Vote President
156,60,7,0,2,3,21025ABSENTEE MACHINE
48,54,2,0,1,1,21025ABSENTEE PAPER
1092,418,39,1,7,24,21029AB
116,21,6,0,0,1,21029A101
382,116,14,0,3,5,21029A102
366,177,36,1,7,9,21029A103
374,125,13,0,5,2,21029A104
770,180,20,2,4,10,21029A105
772,197,22,0,8,11,21029A106
839,226,22,0,6,13,21029A107
317,123,8,1,7,4,21029A108
69,22,3,0,0,1,21029A110
467,178,29,1,9,4,21029A111
739,200,30,0,4,7,21029A112
541,150,12,0,6,3,21029A113
192,64,9,0,3,4,21029B101
574,196,21,0,9,9,21029B102
821,266,42,0,7,11,21029B103
858,259,18,0,8,8,21029B104
1012,313,26,1,5,18,21029B108
905,265,35,0,5,12,21029B109
726,265,29,1,11,13,21029B110
679,229,29,3,5,15,21029B111
321,89,17,0,5,5,21029B112
668,210,16,0,5,12,21029B113
627,177,30,1,8,9,21029B114
476,175,26,0,3,6,21029C101
413,198,18,0,2,5,21029C102
647,227,19,0,8,7,21029C103
426,163,11,2,4,6,21029C104
401,126,11,0,2,12,21029C105
401,139,16,0,11,8,21029C106
700,254,37,0,8,14,21029C107
589,187,12,0,0,8,21029C108
592,133,18,1,1,7,21029C109
550,224,28,0,3,6,21029C110
167,56,4,0,1,2,21029C111
324,128,11,0,7,1,21029C112
336,98,8,0,0,6,21029C113
234,72,15,0,0,0,21029D101
519,150,19,0,7,7,21029D102
535,194,21,1,3,2,21029D103
304,86,15,0,5,8,21029D104
835,179,33,1,10,6,21029D105
640,152,23,0,8,4,21029D106
803,197,27,0,9,8,21029D107
473,164,15,1,7,0,21029D108
707,218,12,0,6,5,21029D110
403,134,18,0,6,3,21029D111
315,61,14,0,3,10,21029D113
193,74,7,0,2,3,21029D114
268,67,6,0,0,1,21031AB
236,84,5,0,1,4,21031A110
339,119,15,0,2,5,21031A111
457,84,9,0,1,3,21031B106
541,143,19,0,1,7,21031B107
17,2,2,0,0,0,21031C103
533,105,9,0,3,9,21031C106
371,75,14,0,1,3,21031C107
233,61,14,1,1,4,21031D103
268,32,5,0,0,3,21031D105
278,55,8,0,0,1,21031D106
456,73,19,0,0,7,21031E105
431,47,11,0,1,6,21031E106
258,99,12,0,1,6,21033AB
341,69,10,0,3,3,21033A101
290,38,2,0,0,1,21033A102
370,137,18,1,7,3,21033A103
448,81,12,0,1,9,21033B101
315,78,7,0,3,5,21033B102
200,153,10,0,3,2,21033B103
415,97,9,0,1,4,21033C101
238,55,6,0,4,6,21033C102
376,137,6,1,2,3,21033C103
309,49,7,0,1,2,21033D101
184,46,1,0,3,1,21033D102
420,128,11,1,3,3,21033D103
343,93,7,0,0,7,21033D104
720,358,27,0,8,21,21035AB
237,290,16,0,13,16,21035A101
107,149,8,0,9,4,21035A102
823,223,24,0,7,16,21035A103
318,84,15,0,1,6,21035A104
310,98,13,0,2,6,21035A105
365,105,12,0,1,5,21035A106
244,197,10,1,9,4,21035B101
327,120,17,0,4,6,21035B103
284,83,5,0,3,7,21035B104
276,205,27,0,9,13,21035B105
325,93,18,1,1,5,21035B107
207,88,6,0,2,4,21035B108
243,304,34,0,12,9,21035B109
356,215,13,0,5,15,21035C101
786,248,34,0,1,19,21035C102
307,112,9,0,3,4,21035C103
345,94,9,0,2,7,21035C104
264,199,17,0,5,12,21035C105
272,173,15,0,4,8,21035C106
173,92,9,0,3,3,21035C107
300,121,19,0,2,13,21035C108
258,156,10,0,3,8,21035C109
140,70,4,0,3,5,21035C110
488,93,21,1,0,17,21035D102
306,115,22,2,6,10,21035D103
293,86,11,0,3,4,21035D104
745,245,27,0,10,25,21035D105
275,56,6,1,3,2,21035D106
273,277,34,0,16,7,21035D108
136,31,3,0,1,4,21039AB
283,70,7,0,0,1,21039A101
296,67,10,0,1,1,21039A102
531,85,11,1,0,4,21039B101
224,27,5,0,1,2,21039B102
311,57,3,0,6,4,21039C101
313,95,3,1,3,3,21039C102
156,91,8,0,3,1,21041AB
249,76,6,0,0,2,21041A101
342,125,8,1,3,1,21041A102
210,130,20,1,3,3,21041A103
158,92,5,1,1,3,21041B101
207,124,7,0,1,3,21041B102
194,92,9,0,2,1,21041B103
112,44,4,0,1,4,21041B104
84,17,0,0,0,1,21041C101
133,29,4,0,0,1,21041C102
258,81,8,0,6,7,21041C103
485,205,21,1,4,6,21041C104
564,185,15,0,4,9,21043AB
424,113,12,0,5,11,21043A101
206,63,1,0,3,6,21043A102
220,58,5,0,2,2,21043A103
202,72,17,0,2,5,21043A104
372,118,12,1,2,13,21043A105
368,117,6,0,5,5,21043B101
223,53,4,0,2,3,21043B102
329,85,10,0,2,4,21043B103
342,97,13,0,3,3,21043B104
249,97,17,0,5,6,21043B105
454,193,11,0,3,10,21043C101
77,32,3,0,0,2,21043C102
369,98,14,1,2,1,21043C103
359,98,15,2,1,8,21043C104
209,61,2,0,0,2,21043D101
100,31,4,0,1,2,21043D102
197,71,5,1,0,1,21043D103
190,51,3,0,1,2,21043D104
86,56,9,0,0,0,21043D105
258,73,9,0,0,2,21043D106
250,91,9,1,1,1,21043D107
156,50,10,0,0,0,21043E101
309,76,8,0,4,3,21043E102
283,81,7,1,0,3,21043E103
408,88,8,0,4,3,21043E104
383,68,8,0,6,2,21043E105
382,85,8,0,1,4,21045AB
413,45,14,0,3,4,21045A101
252,28,2,0,0,2,21045A102
413,43,9,0,5,1,21045A103
184,18,4,0,1,2,21045A104
344,57,4,0,1,3,21045B101
699,77,13,0,5,0,21045B102
209,57,2,0,0,8,21045B103
289,71,10,0,2,1,21045C101
564,56,9,0,1,4,21045C102
274,27,5,0,1,1,21045C103
212,51,11,1,1,4,21045C104
458,46,9,0,2,1,21045D101
227,30,6,0,2,1,21045D102
443,48,11,0,3,4,21045D103
119,28,4,0,0,0,21045D104
850,386,25,1,7,14,21047AB
40,133,1,0,1,1,21047A101
11,288,1,0,3,2,21047A102
25,472,4,0,2,2,21047A103
238,233,13,1,2,3,21047A104
83,178,5,0,1,4,21047A105
310,417,19,1,4,4,21047B101
364,431,10,0,3,8,21047B102
497,87,8,0,2,0,21047B103
242,68,14,0,2,1,21047B104
211,112,11,0,2,3,21047C101
56,178,1,0,1,1,21047C102
219,133,11,1,2,2,21047C103
383,96,12,0,4,0,21047C104
877,171,22,0,3,12,21047C105
426,157,15,0,4,7,21047C106
390,158,11,0,2,5,21047D101
452,179,20,1,3,12,21047D102
394,130,2,1,0,1,21047D103
324,48,10,0,2,2,21047D104
205,40,1,0,2,0,21047D105
193,34,3,0,2,4,21047D106
496,269,19,1,4,9,21047D107
170,230,12,0,6,3,21047E101
370,230,24,1,6,1,21047E102
498,207,17,2,3,7,21047E103
296,158,13,0,0,3,21047E104
224,115,13,0,2,1,21047E105
141,22,0,0,1,0,21047F101
357,172,7,0,1,1,21047F102
152,22,2,0,0,2,21047F103
369,271,43,1,8,13,21047F104
372,90,5,0,3,7,21047G101
186,195,18,2,10,5,21047G102
238,120,12,0,5,1,21047G103
551,226,12,0,1,8,21047G104
144,70,14,0,4,2,21047G105
420,131,7,0,2,7,21047G106
439,89,9,0,4,6,21047H101
770,148,11,1,1,7,21047H102
450,209,9,0,1,4,21047H103
675,85,8,0,4,4,21047H104
506,258,32,0,6,12,21049AB
702,257,28,0,7,15,21049A101
414,137,20,2,1,8,21049A102
422,208,27,0,5,8,21049A103
588,209,14,0,5,8,21049A104
460,128,17,0,2,9,21049B101
593,213,15,2,5,7,21049B102
201,110,12,0,6,8,21049B103
389,107,13,0,3,3,21049B104
432,132,19,0,5,3,21049B105
505,179,18,0,3,9,21049C101
397,175,23,0,8,1,21049C102
645,163,8,0,1,7,21049C103
547,176,16,0,2,9,21049C104
97,51,6,0,2,3,21049D101
568,300,21,1,4,19,21049D102
420,134,12,0,1,3,21049D103
372,256,19,0,9,5,21049D104
274,114,14,0,1,8,21049E101
816,369,44,1,9,20,21049E102
261,105,8,0,5,6,21049E103
65,183,6,0,2,3,21049F101
142,76,8,0,3,2,21049F102
355,185,21,0,14,13,21049F103
42,175,1,0,1,2,21049F104
308,178,18,3,9,3,21049F105
189,128,13,0,2,9,21049F106
293,86,6,0,1,1,21051A101
418,37,5,0,1,1,21051A106
145,36,3,0,0,1,21051A107
326,41,6,0,0,1,21051B101
208,52,6,0,1,1,21051B103
482,37,2,0,1,6,21051B104
144,14,1,0,2,0,21051C101
252,18,4,0,1,0,21051C102
230,16,5,1,2,9,21051C103
372,39,7,0,2,1,21051C104
121,23,1,0,1,0,21051D102
328,30,5,0,4,5,21051D103
251,18,4,0,1,0,21051D104
183,31,3,0,0,2,21051E101
181,32,1,0,1,1,21051E102
415,42,3,1,2,5,21051E103
84,17,1,0,0,0,21051E104
371,30,6,0,2,1,21051F101
395,38,6,0,0,2,21051F102
349,47,2,1,0,1,21051F104
0,0,0,0,0,0,21051Early Vote President
209,39,5,0,3,0,21051ABSENTEE MACHINE
104,29,1,0,1,2,21051ABSENTEE PAPER
235,48,3,0,0,3,21053A101
218,42,7,1,0,1,21053A104
275,53,3,0,2,2,21053B101
247,29,5,0,1,0,21053B102
282,33,6,0,1,0,21053C101
173,26,7,0,0,0,21053C102
279,28,2,0,0,3,21053C103
232,35,5,0,2,2,21053D101
359,25,3,1,3,3,21053D102
253,35,3,0,1,1,21053E101
295,42,1,0,1,0,21053E102
168,31,1,1,3,2,21053F101
263,26,7,0,1,1,21053F102
0,0,0,0,0,0,21053Early Vote President
379,64,6,1,0,4,21053ABSENTEE MACHINE
151,30,1,0,0,1,21053ABSENTEE PAPER
164,38,5,0,0,1,21055AB
249,47,7,0,4,6,21055A101
220,39,4,0,1,0,21055A102
361,58,6,1,0,6,21055B101
251,42,1,0,3,1,21055B102
291,56,10,0,1,4,21055C101
91,25,4,0,0,1,21055C102
363,62,4,0,5,3,21055D101
118,27,1,0,0,4,21055D102
273,58,10,0,2,0,21055E101
360,54,7,0,0,4,21055E102
384,75,9,0,0,5,21055F101
165,36,8,0,1,1,21055F102
170,51,6,1,3,1,21057AB
312,46,10,0,1,2,21057A101
369,46,6,0,1,2,21057A102
150,31,7,1,1,1,21057B101
179,22,3,0,1,4,21057B102
264,14,8,0,1,0,21057B103
232,45,6,0,0,3,21057C101
225,56,4,0,2,0,21057C102
55,49,2,0,0,0,21057C103
324,45,5,1,0,7,21057D101
222,54,10,2,1,2,21057D102
1547,915,68,0,15,31,21059AB
184,111,16,1,2,6,21059A101
182,128,12,0,8,2,21059A102
238,223,14,0,9,2,21059A103
328,235,29,0,6,4,21059A104
436,207,22,0,6,10,21059A105
216,186,20,0,7,1,21059A106
88,134,10,0,7,2,21059A107
190,99,14,0,5,3,21059A108
194,200,25,0,9,7,21059A109
253,159,15,0,8,5,21059A110
438,184,18,0,5,12,21059A111
105,251,10,0,3,4,21059A112
126,110,8,0,8,5,21059A113
172,248,14,0,6,3,21059A114
417,160,22,0,6,9,21059A115
336,203,22,1,7,15,21059A116
133,113,17,0,6,5,21059A118
196,162,24,0,22,6,21059A119
259,169,22,0,7,9,21059A120
206,141,19,0,8,6,21059A121
110,111,4,1,3,3,21059A122
202,130,15,1,6,3,21059A123
290,255,25,2,6,13,21059A124
234,124,14,0,6,10,21059A125
264,162,16,0,1,11,21059A126
271,168,21,0,4,12,21059A127
224,152,12,1,8,5,21059A128
210,147,22,0,5,4,21059A129
219,158,17,0,8,10,21059A130
185,137,13,0,3,8,21059A131
323,166,23,0,12,9,21059A132
253,133,7,0,2,4,21059A133
317,176,11,0,9,8,21059A134
171,106,5,0,1,3,21059A135
280,154,18,1,4,4,21059A136
203,145,11,0,5,10,21059A137
370,194,35,1,7,11,21059A138
410,185,23,0,7,18,21059A139
262,131,11,0,2,7,21059A140
300,167,17,0,3,15,21059A141
208,285,18,1,6,5,21059A142
154,140,14,1,4,2,21059A143
240,136,9,0,3,4,21059A144
165,90,10,1,2,8,21059A145
524,237,19,0,11,7,21059A146
325,203,26,0,6,8,21059A147
323,167,12,2,3,7,21059A148
287,195,21,0,7,11,21059B101
752,300,43,0,9,16,21059B102
340,112,6,0,2,10,21059B103
473,157,21,0,8,6,21059B104
802,288,24,0,7,12,21059C101
322,119,24,0,2,10,21059C102
384,134,7,2,2,7,21059D102
230,77,9,0,4,6,21059D103
389,112,11,1,6,2,21059E101
472,127,20,0,5,21,21059E102
493,150,23,0,6,9,21059E103
112,24,4,0,1,2,21059E104
497,164,17,1,5,29,21059F101
707,246,24,1,8,17,21059F102
535,132,16,1,5,9,21059F103
398,107,8,1,6,6,21059F104
352,71,5,0,2,5,21059G101
298,128,20,0,2,4,21059G102
339,123,16,1,8,10,21059G103
435,140,19,0,2,10,21059G104
203,89,11,0,2,5,21059G105
256,92,5,0,2,4,21059H101
557,205,30,1,1,16,21059H102
518,184,18,0,3,23,21059H103
401,133,17,0,0,7,21059H104
389,178,20,0,3,4,21059H105
139,62,11,1,4,7,21059H106
440,146,12,1,0,8,21059H107
269,55,7,0,0,6,21059H108
315,125,14,0,6,13,21059H109
278,63,4,0,2,10,21059H110
468,207,32,0,6,13,21059H111
525,173,17,1,3,11,21059H112
284,103,13,0,6,6,21059H113
256,94,6,0,3,7,21059H114
805,283,48,2,4,20,21059H115
89,40,11,1,6,1,21059H116
817,328,25,0,8,22,21059H117
270,83,4,0,0,3,21061AB
274,69,3,0,0,1,21061A101
483,105,9,0,4,4,21061A102
623,120,13,0,4,2,21061B101
260,62,10,0,0,1,21061C101
410,94,8,1,1,1,21061C102
673,156,12,1,4,5,21061D101
492,122,8,0,6,6,21061E101
650,168,10,0,1,5,21061F101
258,86,10,1,1,1,21065AB
125,45,11,0,1,0,21065A101
155,53,5,0,2,1,21065A102
134,46,4,1,2,2,21065A103
181,42,4,0,1,4,21065A104
168,60,12,1,2,1,21065A105
324,92,14,0,1,3,21065A106
362,62,10,1,5,1,21065B102
199,59,5,0,4,2,21065B103
188,43,6,0,1,4,21065B104
484,155,7,2,2,3,21065B105
167,46,2,0,1,0,21065B106
467,105,18,0,2,8,21065C103
334,69,7,0,1,2,21065C104
261,50,5,0,1,1,21065C105
429,95,9,1,3,2,21065C106
2959,4123,252,2,53,128,21067AB
156,159,14,0,6,5,21067A101
163,250,26,1,8,8,21067A102
225,168,12,0,4,12,21067A103
148,95,9,0,4,3,21067A104
89,160,10,1,0,1,21067A106
109,90,11,0,0,3,21067A108
22,448,8,0,6,0,21067A109
133,262,10,0,13,4,21067A111
168,215,20,1,15,9,21067A113
122,213,25,0,9,4,21067A114
23,505,5,0,2,3,21067A115
173,201,28,0,6,10,21067A116
85,372,16,1,5,4,21067A117
194,218,11,0,3,4,21067A118
17,248,2,2,3,0,21067A120
103,211,18,0,6,5,21067A121
192,241,14,0,3,9,21067A123
61,313,2,1,5,4,21067A126
196,331,21,1,3,11,21067A128
15,287,2,1,4,2,21067A130
128,191,23,0,4,6,21067A131
166,272,19,0,4,11,21067A132
58,306,6,0,9,2,21067A133
45,210,6,0,1,2,21067A134
105,350,12,1,4,6,21067A135
193,252,21,0,22,12,21067A136
316,297,21,1,7,15,21067A138
221,214,13,2,12,8,21067A139
151,207,11,0,5,7,21067A140
78,219,9,0,5,4,21067A143
51,415,7,1,5,5,21067A144
220,255,15,2,7,9,21067A145
124,345,26,0,10,7,21067A146
50,421,20,1,16,11,21067A148
40,278,10,1,5,5,21067A149
51,408,12,1,17,2,21067A150
155,181,12,3,6,10,21067A151
198,392,30,1,3,14,21067A152
45,448,13,0,4,4,21067A155
128,171,13,0,2,3,21067A156
255,270,19,1,5,13,21067A157
359,143,16,0,7,6,21067A158
63,416,11,0,8,4,21067A161
26,108,2,0,2,3,21067A162
88,272,19,0,3,3,21067A163
38,265,2,2,5,3,21067A164
134,131,4,0,0,2,21067A165
286,215,18,0,5,15,21067A166
162,193,19,0,2,5,21067A167
167,339,15,1,4,3,21067A168
155,237,5,0,2,4,21067A169
114,150,12,0,7,3,21067A170
224,219,17,2,6,4,21067A171
144,215,17,2,3,5,21067A172
119,250,31,0,16,8,21067A173
79,122,2,0,5,3,21067A174
85,74,4,0,0,1,21067A175
229,171,16,1,4,10,21067A176
66,209,10,0,7,3,21067A177
97,109,6,0,4,4,21067A178
12,289,4,0,4,0,21067A179
133,188,21,0,6,13,21067A180
195,280,19,0,4,4,21067A181
291,191,16,0,6,9,21067A182
161,215,23,1,10,13,21067A183
67,121,18,0,6,7,21067A184
120,303,24,1,8,10,21067A185
271,416,34,0,6,17,21067A187
236,213,15,0,0,7,21067A188
166,129,11,0,2,7,21067A189
220,206,28,1,3,16,21067A190
335,415,35,2,9,23,21067A191
203,267,13,0,3,14,21067A192
301,241,21,0,4,9,21067A193
174,250,13,0,1,9,21067A194
171,197,16,0,6,11,21067A195
143,208,19,0,8,10,21067A196
185,243,20,0,3,11,21067A197
128,199,16,0,2,20,21067A198
143,244,21,0,6,5,21067A199
234,435,28,0,8,13,21067A200
143,236,14,0,4,7,21067A201
0,3,0,0,0,0,21067A203
117,190,12,0,7,3,21067A204
243,189,12,1,3,9,21067B101
194,327,32,0,15,17,21067B102
210,173,10,0,4,10,21067B103
190,187,18,0,7,10,21067B104
180,217,13,1,5,8,21067B105
240,212,26,1,4,7,21067B106
162,199,15,0,6,9,21067B108
168,216,25,0,4,14,21067B110
109,286,10,0,3,7,21067B111
154,197,19,0,2,5,21067B112
128,391,29,0,16,9,21067B113
186,196,13,0,8,10,21067B114
310,227,29,1,4,19,21067B117
169,258,23,0,12,5,21067B118
102,183,13,0,4,5,21067B119
130,128,16,0,5,4,21067B120
148,229,14,1,2,5,21067B121
261,181,17,0,2,3,21067B123
164,276,24,0,4,10,21067B125
207,250,29,1,7,10,21067B127
155,195,6,1,2,4,21067B128
215,138,13,1,2,15,21067B129
330,269,31,0,6,17,21067B130
106,242,17,1,14,4,21067B132
118,253,28,0,4,16,21067B133
162,330,43,0,13,13,21067B135
197,255,13,0,8,12,21067B137
123,304,22,0,2,10,21067B138
245,192,12,1,4,7,21067B139
206,238,22,1,4,11,21067B140
238,208,23,4,12,19,21067B141
170,149,5,0,4,5,21067B142
186,257,24,1,5,8,21067B143
240,237,27,1,5,11,21067B146
192,257,17,0,6,11,21067B147
259,180,14,0,3,12,21067B150
148,185,11,1,6,3,21067B151
275,219,22,0,1,7,21067B152
222,160,13,0,6,5,21067B154
188,281,20,1,4,4,21067B155
295,212,10,0,4,15,21067B156
119,190,18,0,1,7,21067B157
162,245,18,0,12,4,21067B158
231,203,15,0,10,13,21067B159
310,235,33,0,5,9,21067B163
186,156,9,0,4,10,21067B164
220,296,28,0,12,13,21067B165
193,214,15,0,3,13,21067B166
138,141,13,2,1,8,21067B167
183,253,16,0,4,4,21067B168
177,140,12,0,6,12,21067B169
192,162,10,0,4,9,21067B170
169,160,6,1,2,10,21067B172
48,250,12,0,5,1,21067B174
297,300,23,0,10,15,21067B179
324,314,31,0,7,11,21067B181
97,125,12,0,2,6,21067B182
175,195,13,0,1,6,21067B183
251,239,16,1,6,9,21067B184
367,243,19,0,6,19,21067B185
288,180,13,0,6,14,21067B186
290,174,15,1,5,18,21067B187
273,218,11,0,2,4,21067B188
159,256,19,2,8,5,21067B189
143,330,23,0,8,13,21067B190
221,177,15,0,3,8,21067B191
308,229,16,0,4,11,21067B192
151,318,28,2,13,2,21067B195
176,211,22,1,6,12,21067B196
146,217,16,0,3,5,21067B197
327,215,21,1,2,12,21067B198
236,204,13,0,6,12,21067B199
192,158,23,1,3,12,21067B200
266,149,13,0,2,6,21067B201
263,251,28,2,2,25,21067B202
344,173,15,0,8,21,21067B203
196,126,15,1,3,12,21067B204
372,237,25,1,4,17,21067B205
272,206,25,0,0,12,21067B206
258,253,25,0,10,12,21067B207
253,147,12,1,2,14,21067B208
273,200,20,0,2,17,21067B209
283,303,31,1,5,15,21067B210
178,276,33,1,11,16,21067B211
262,217,26,0,5,20,21067B212
167,115,10,0,5,2,21067B213
297,180,21,2,6,9,21067B215
275,189,19,0,5,12,21067B216
136,88,17,0,3,6,21067B217
277,199,24,0,1,15,21067B218
245,166,29,0,2,5,21067B219
248,169,11,0,3,8,21067B221
257,224,18,0,5,11,21067B222
289,187,21,0,3,13,21067B223
378,258,18,0,1,19,21067B224
258,230,19,0,7,13,21067B225
249,179,26,0,4,13,21067B226
226,202,29,0,4,4,21067B227
96,112,5,0,2,3,21067B228
141,236,27,1,5,10,21067B229
58,98,11,0,0,1,21067B230
365,381,33,1,13,17,21067B231
323,246,16,1,2,9,21067B232
95,120,17,0,1,1,21067C102
131,361,18,1,6,9,21067C103
110,407,33,1,22,8,21067C105
221,131,11,0,3,8,21067C109
162,358,22,0,5,13,21067C113
221,203,25,2,2,7,21067C114
60,226,8,0,13,5,21067C115
246,162,13,0,6,9,21067C118
168,311,22,0,4,13,21067C120
74,145,8,1,2,0,21067C121
149,348,11,0,7,8,21067C124
349,192,16,1,3,12,21067C125
135,239,21,1,6,12,21067C126
198,233,18,1,6,7,21067C127
104,308,23,2,13,9,21067C128
113,134,18,0,4,2,21067C129
143,206,17,0,4,5,21067C130
152,300,16,0,10,7,21067C132
249,180,8,0,2,4,21067C137
118,387,11,2,16,11,21067C138
107,542,14,0,11,11,21067C140
141,479,19,3,14,17,21067C142
128,255,10,1,7,12,21067C143
99,341,18,0,6,5,21067C144
130,203,13,0,9,7,21067C148
101,220,16,0,4,4,21067C150
100,160,11,1,7,3,21067C151
371,213,13,1,5,11,21067C152
204,150,14,0,5,5,21067C153
197,110,10,0,5,8,21067C154
149,141,5,0,1,3,21067C155
185,248,24,0,8,6,21067C156
100,254,25,1,13,5,21067C157
137,172,16,0,4,6,21067C159
195,96,2,0,1,10,21067C160
142,178,18,2,8,8,21067C161
159,306,22,0,7,9,21067C162
280,133,15,0,3,4,21067C163
301,259,22,1,8,17,21067C164
177,306,23,0,3,13,21067C165
197,310,25,0,10,5,21067C167
121,181,14,1,6,3,21067C170
156,221,13,1,7,3,21067C171
279,244,13,0,8,12,21067C173
206,257,29,0,11,5,21067C174
211,233,20,0,4,17,21067C175
255,259,29,0,3,9,21067C176
226,272,30,2,9,11,21067C177
187,156,23,0,1,11,21067C178
144,222,19,0,7,10,21067C179
392,254,22,0,4,22,21067C180
239,195,22,0,4,17,21067C182
69,187,9,1,3,7,21067C183
70,75,9,0,0,1,21067C184
98,53,5,1,3,1,21067C185
180,275,29,0,6,15,21067C186
275,158,22,0,1,9,21067C187
163,170,11,0,2,6,21067C188
94,278,16,1,3,5,21067C189
228,270,27,1,6,7,21067C190
212,304,34,0,15,10,21067C191
271,183,10,0,4,7,21067C192
194,115,10,0,1,3,21067C193
264,212,19,1,2,9,21067C194
202,234,10,0,6,6,21067C195
150,220,23,0,6,13,21067C196
124,136,11,1,5,7,21067C197
134,185,12,0,4,8,21067C198
191,164,16,0,1,9,21067C199
290,195,22,1,3,11,21067C200
184,116,9,0,2,3,21067C201
276,234,26,0,3,16,21067C203
183,251,22,1,5,4,21067C205
203,310,25,0,9,13,21067C207
263,118,12,1,0,11,21067C208
289,256,17,0,5,8,21067C209
309,183,17,0,1,18,21067C210
169,200,8,1,9,4,21067C211
191,249,19,2,8,7,21067C212
118,148,10,0,6,2,21067C213
181,158,19,0,4,12,21067C215
120,129,9,0,2,7,21067C216
262,220,28,1,1,11,21067C217
260,201,13,0,3,5,21067C218
144,216,13,0,3,4,21067C219
125,156,9,1,3,5,21067C220
180,201,24,1,4,12,21067C221
135,164,9,1,6,6,21067C222
306,259,16,1,3,11,21067C223
321,286,21,0,6,14,21067C224
300,168,16,1,5,9,21067C225
117,183,15,0,3,9,21067C226
231,297,21,0,3,12,21067C227
216,204,21,0,2,11,21067C228
180,103,8,0,0,2,21067C229
148,213,17,0,1,16,21067C230
271,170,11,0,1,8,21067C231
255,208,14,0,5,7,21067C232
195,226,18,0,6,9,21067C233
149,140,16,1,2,3,21067C235
184,122,15,0,4,5,21067C236
253,190,33,0,3,9,21067C237
252,263,20,0,5,13,21067C238
403,342,22,0,4,16,21067C239
352,118,9,2,1,3,21069AB
284,68,8,0,2,5,21069A101
180,49,0,0,0,2,21069A102
239,90,5,1,0,1,21069A103
211,46,7,0,3,3,21069B101
379,99,15,0,4,7,21069B102
205,37,5,1,2,6,21069B103
421,86,2,0,0,3,21069C101
370,115,9,0,1,8,21069C102
317,139,9,1,3,2,21069D102
280,107,6,1,0,2,21069D103
196,89,4,0,1,2,21069E101
201,43,8,1,3,0,21069E102
192,45,4,0,0,1,21069E103
137,22,2,0,0,0,21069E104
187,46,5,0,0,1,21069F102
94,24,1,0,0,0,21069F103
269,90,8,0,0,5,21069F104
208,35,2,0,0,0,21069F105
229,89,11,1,1,1,21071A101
62,10,1,1,1,0,21071A102
328,62,6,0,0,2,21071A103
139,56,11,0,2,4,21071A104
354,116,9,0,1,1,21071A105
360,133,12,1,1,3,21071A106
323,100,11,0,3,3,21071A107
438,87,15,0,1,2,21071A109
241,92,3,0,1,4,21071A110
336,100,10,0,4,3,21071A111
430,92,17,0,4,0,21071A113
493,115,9,0,3,2,21071A116
197,87,11,1,1,4,21071B101
385,128,15,0,0,7,21071B102
249,66,4,2,0,1,21071B103
226,79,4,0,1,2,21071B104
245,132,9,1,0,1,21071B105
397,106,5,0,4,5,21071B106
271,84,6,1,0,2,21071B108
148,29,1,0,0,0,21071B109
366,100,6,1,3,4,21071B112
252,99,8,1,0,7,21071C101
198,84,9,0,1,2,21071C102
243,116,9,1,0,0,21071C103
320,160,10,0,3,3,21071C104
84,43,4,0,0,0,21071C105
186,64,4,0,1,0,21071C106
215,83,6,1,2,2,21071C107
205,119,7,1,1,2,21071C108
171,102,6,0,0,4,21071C109
166,78,4,0,1,0,21071C110
177,55,6,1,1,1,21071C111
218,96,7,2,1,0,21071D101
369,92,13,0,0,1,21071D102
260,113,13,0,1,2,21071D103
382,78,12,0,2,6,21071D104
181,43,6,0,1,0,21071D105
352,91,9,0,2,3,21071D106
417,113,8,0,2,4,21071D107
505,113,14,1,1,4,21071D108
140,66,4,1,1,1,21071D109
134,46,8,0,1,1,21071D110
0,0,0,0,0,0,21071Early Vote President
450,129,12,1,3,5,21071ABSENTEE MACHINE
151,169,2,0,0,1,21071ABSENTEE PAPER
570,688,40,2,10,25,21073AB
391,350,23,0,7,15,21073A101
211,194,4,0,5,5,21073A102A
64,264,7,0,7,4,21073A103A
162,240,6,0,3,1,21073A104A
99,287,8,0,10,8,21073A105A
422,145,27,0,8,7,21073A106
106,303,18,0,8,6,21073A107A
425,208,24,1,5,10,21073A108
353,343,18,0,3,13,21073B101
236,295,12,1,8,8,21073B102
204,160,19,0,2,10,21073B103A
216,148,14,0,4,4,21073B105A
762,591,45,0,11,32,21073B106
293,223,22,0,7,14,21073B108A
87,87,8,0,2,4,21073B109A
149,133,8,0,3,6,21073C101A
105,223,7,1,3,4,21073C102A
149,152,11,0,1,3,21073C105A
212,152,14,0,5,6,21073C106A
340,406,21,0,4,11,21073C107A
421,278,17,2,3,10,21073C108
280,366,28,0,4,7,21073C109A
214,205,15,0,6,4,21073C110A
246,145,13,0,1,5,21073D101
418,212,19,1,6,9,21073D102
184,92,17,0,1,2,21073D103
256,129,9,0,6,3,21073D104
140,92,9,0,9,2,21073D105A
76,134,10,0,6,1,21073D106A
104,154,15,0,7,6,21073D107A
157,124,6,0,4,3,21073D108A
104,218,10,0,3,2,21073D109A
402,339,25,1,3,12,21073E101
674,464,42,1,15,19,21073E102
263,259,18,1,5,13,21073E108A
245,285,14,1,4,6,21073E109A
213,221,12,1,4,5,21073E110A
316,113,7,0,1,4,21073F101
70,183,3,0,4,3,21073F102A
335,138,15,0,3,5,21073F103
270,271,16,1,7,10,21073F104A
130,266,12,1,13,3,21073F105A
263,144,18,1,2,0,21073F106
482,293,19,4,3,13,21073F108
108,34,5,0,0,1,21075AB
115,104,8,0,1,0,21075A101
117,100,3,0,0,0,21075A102
22,62,2,0,0,0,21075A103
203,35,3,1,1,3,21075B101
205,76,1,0,1,2,21075B102
178,34,4,0,0,2,21075B104
199,55,2,0,0,2,21075C102
45,174,1,0,2,2,21075C103
149,58,4,0,2,4,21075D101
86,17,2,0,0,0,21075D102
122,25,0,0,0,0,21075D103
147,43,7,0,2,1,21077AB
262,141,15,0,1,1,21077A101
208,84,11,0,2,2,21077A102
298,63,9,1,1,4,21077B101
319,83,18,0,4,5,21077B102
264,83,6,1,1,3,21077C101
296,97,12,0,3,3,21077C102
335,82,11,0,1,1,21077D101
314,73,11,1,3,4,21077D102
313,103,6,0,0,3,21079AB
207,77,8,0,2,1,21079A101
467,118,18,2,2,7,21079A103
587,133,14,2,1,5,21079A104
263,103,15,0,6,3,21079B101
520,112,13,1,2,7,21079B102
146,58,5,0,2,0,21079B103
613,124,17,0,5,10,21079C102
530,143,10,1,2,3,21079C103
424,61,11,0,1,3,21079D101
185,40,5,0,1,0,21079D102
245,67,5,0,4,1,21079D103
347,85,6,0,1,5,21079D104
518,125,12,0,0,7,21079E101
539,104,12,0,4,11,21079E103
459,154,14,0,5,3,21081AB
364,99,17,1,6,5,21081A101
220,50,6,0,0,3,21081A102
420,100,12,0,4,6,21081A103
226,70,5,0,1,2,21081A104
432,109,8,1,4,2,21081A105
313,51,8,0,3,2,21081A106
293,119,12,0,1,3,21081A107
365,120,16,1,5,5,21081B101
136,22,1,0,2,0,21081B102
186,40,7,0,2,1,21081B103
286,80,12,0,2,3,21081B104
387,121,5,0,3,5,21081B105
238,49,6,1,3,0,21081B106
351,94,6,1,4,5,21081B107
249,68,6,0,3,0,21081B108
246,74,9,0,4,7,21081C101
299,69,21,0,2,4,21081C102
441,125,20,0,6,9,21081C103
319,70,4,0,4,2,21081C104
196,44,10,0,3,2,21081C106
523,114,16,0,3,4,21081C107
319,68,5,0,1,3,21081C108
591,201,24,0,1,8,21083AB
264,35,12,0,0,5,21083A101
308,47,2,0,0,1,21083A102
331,77,12,0,1,3,21083A103
206,43,7,0,1,2,21083A104
406,82,17,0,3,2,21083A105
393,70,18,0,6,2,21083A106
502,99,14,0,2,4,21083A107
346,59,13,0,5,2,21083A108
783,142,16,0,6,9,21083A109
433,102,15,0,3,2,21083A110
741,109,13,0,1,6,21083A111
141,73,8,0,3,3,21083B101
99,103,6,0,0,2,21083B102
267,143,11,1,4,5,21083B103
218,72,9,2,0,4,21083B104
460,151,8,0,4,6,21083B105
97,69,6,1,2,1,21083B106
100,118,10,1,1,1,21083B107
375,184,19,0,5,4,21083B108
239,140,11,1,3,2,21083B109
570,139,16,1,4,1,21083B110
547,121,17,0,5,2,21083B111
486,157,27,1,4,5,21083C101
524,108,21,0,5,6,21083C102
809,119,13,0,3,9,21083C104
375,76,10,1,1,5,21083C106
348,50,4,0,0,0,21083C107
494,114,14,0,1,3,21083C108
560,125,17,0,2,4,21083C109
658,180,21,1,4,3,21083C110
481,160,13,1,0,6,21085AB
224,82,10,0,3,1,21085A102
652,167,31,0,4,8,21085A103
153,28,4,0,0,1,21085A104
498,74,13,0,2,4,21085B101
167,14,4,0,0,2,21085B102
167,56,4,0,0,0,21085B103
130,41,4,0,4,1,21085B104
466,128,11,0,2,6,21085B105
184,44,8,0,0,1,21085C101
511,112,14,0,2,10,21085C102
597,163,27,0,6,9,21085C103
480,167,15,1,10,1,21085D101
537,120,19,1,3,6,21085D102
305,42,5,1,0,2,21085D103
322,71,5,0,1,3,21085E101
553,161,20,2,4,3,21085E102
180,16,7,0,1,4,21085E103
230,49,9,1,0,4,21085E104
316,103,8,0,1,2,21085F101
604,106,18,0,1,5,21085F103
209,31,7,1,0,1,21085F105
253,24,3,0,2,1,21085F106
379,90,6,0,3,0,21087AB
399,103,9,0,1,6,21087A101
227,68,5,1,5,4,21087A102
437,120,13,0,0,2,21087A103
354,70,8,0,2,1,21087A104
454,66,9,1,3,1,21087B101
558,81,12,0,3,2,21087B102
374,72,4,0,4,2,21087C101
365,56,5,0,1,0,21087C102
376,46,7,0,1,0,21087D101
449,60,6,0,1,1,21087D102
837,375,13,0,7,15,21089AB
430,137,14,0,4,9,21089A101
410,153,13,0,9,6,21089A102
462,203,22,0,13,3,21089A103
352,88,2,0,2,6,21089A104
270,91,10,0,4,7,21089A105
216,132,4,0,4,3,21089A106
280,70,6,1,2,3,21089A107
201,132,13,0,4,0,21089A108
587,249,25,0,4,10,21089A109
576,164,16,0,0,2,21089A110
280,119,8,1,1,3,21089B101
335,129,6,1,3,1,21089B102
459,137,8,0,3,7,21089B103
313,83,7,0,2,4,21089B104
417,98,7,0,6,3,21089B105
319,118,5,0,3,3,21089B107
596,183,17,0,4,9,21089B108
264,64,5,0,0,3,21089B110
463,113,14,0,2,5,21089B111
286,156,10,0,2,3,21089C101
485,88,15,2,2,3,21089C102
259,106,6,1,2,5,21089C103
364,150,16,0,4,3,21089C104
415,142,5,1,2,5,21089C105
352,146,15,0,8,8,21089C106
282,152,13,0,4,5,21089C107
382,140,12,0,1,4,21089C108
323,99,5,1,6,3,21089C109
331,129,7,0,1,4,21089C110
136,77,9,0,1,4,21091AB
220,137,11,0,8,8,21091A101
299,212,26,0,4,12,21091A102
198,98,10,0,1,7,21091B101
255,117,10,0,5,7,21091B102
194,82,12,0,2,7,21091B103
402,154,13,0,15,14,21091C101
294,146,8,0,1,9,21091C102
269,70,8,0,4,6,21091D101
285,74,9,0,3,10,21091D102
236,77,13,1,0,3,21091D103
1409,850,86,2,17,33,21093AB
241,84,4,0,5,0,21093A001
283,287,28,0,8,5,21093A002
181,197,12,0,6,3,21093A003
281,311,20,1,3,11,21093A004
324,271,25,0,5,9,21093A005
286,355,25,0,3,8,21093A006
51,75,8,0,2,3,21093A007
344,294,23,0,13,4,21093A008
228,150,22,0,7,10,21093A009
45,30,0,0,3,0,21093A010
264,170,16,0,2,5,21093B001
392,413,35,1,10,6,21093B002
376,500,26,0,9,2,21093B003
306,360,31,1,5,14,21093B004
373,137,11,0,5,4,21093B005
283,334,20,1,5,3,21093B006
398,177,24,0,5,8,21093C001
405,345,30,1,9,8,21093C002
642,179,17,0,7,9,21093C003
831,309,37,0,6,20,21093C004
433,142,29,0,6,11,21093C005
702,254,34,0,8,5,21093C006
274,261,25,0,5,7,21093C007
322,212,32,0,6,5,21093D001
613,367,25,1,8,6,21093D002
499,284,22,0,3,3,21093D003
772,524,34,2,6,12,21093D004
639,431,42,2,7,12,21093D005
297,183,21,1,4,9,21093D006
278,187,18,0,8,11,21093E001
297,187,17,0,8,4,21093E002
662,335,29,2,9,15,21093E003
523,412,39,0,8,9,21093E004
413,255,37,0,8,12,21093E005
264,138,18,0,5,7,21093E006
563,223,23,2,5,4,21093F001
612,122,22,0,5,4,21093F002
870,251,29,0,7,10,21093F003
709,228,38,0,10,10,21093F004
566,186,23,0,3,5,21093F005
547,132,28,0,5,3,21093F006
316,77,20,0,4,3,21093F007
56,8,0,0,0,1,21093F008
329,84,9,0,3,0,21093G001
403,98,8,1,2,6,21093G002
402,73,10,0,7,4,21093G003
304,77,8,0,4,0,21093G004
67,14,3,0,0,1,21093G005
763,217,32,1,6,15,21093G006
464,134,5,0,4,7,21093G007
769,144,30,0,4,3,21093G008
501,183,23,1,0,8,21093G009
665,226,26,0,8,19,21093H001
147,29,8,1,0,2,21093H002
44,15,1,0,0,0,21093H003
612,213,22,1,10,8,21093H004
604,515,29,2,10,10,21093H005
508,241,38,2,6,8,21093H006
711,297,32,1,7,11,21093H007
507,157,24,1,2,5,21093H008
475,81,8,0,2,4,21095AB
533,127,5,0,1,5,21095A101
666,83,13,1,1,6,21095A108
231,37,0,0,0,0,21095A110
144,14,1,0,1,1,21095A111
352,34,9,0,1,2,21095A112
252,37,4,0,4,0,21095B102
256,36,3,1,0,0,21095B103
257,20,10,2,0,1,21095B104
256,40,2,1,2,0,21095B105
316,44,4,0,0,0,21095B106
202,37,2,1,1,1,21095B107
217,15,2,1,1,1,21095B109
209,16,0,1,0,0,21095C101
130,11,2,1,1,1,21095C102
98,15,3,0,0,0,21095C103
183,64,14,0,2,1,21095C104
118,17,1,0,0,0,21095C106
219,44,6,0,2,1,21095C107
239,60,4,0,2,2,21095C109
176,96,5,0,2,0,21095C111
552,84,8,1,3,2,21095D101
93,30,3,0,0,1,21095D103
307,30,7,0,2,0,21095D104
447,45,12,2,2,1,21095D106
149,6,2,0,1,2,21095D108
178,13,4,0,0,4,21095D109
560,86,6,0,0,3,21095E102
272,28,2,0,2,0,21095E104
246,27,5,0,3,6,21095E105
287,43,2,0,3,1,21095E106
325,23,6,0,0,2,21095E107
184,29,1,1,0,0,21095E108
144,79,10,1,1,1,21097AB4
103,90,5,1,1,4,21097AB6
268,145,10,1,4,6,21097A101
174,91,5,0,3,3,21097A102
37,32,1,0,1,4,21097A103
278,141,16,0,7,3,21097B101
170,83,7,0,1,6,21097B102
12,40,0,0,1,1,21097B103
360,110,13,0,4,6,21097C101
394,123,13,0,0,10,21097C102
287,106,9,0,1,2,21097D101
412,137,14,0,3,10,21097D102
76,50,6,0,0,1,21097D103
311,116,12,2,4,2,21097E101
368,101,8,0,0,3,21097E102
361,111,17,0,2,6,21097F101
347,115,12,0,5,2,21097F102
415,87,4,0,3,3,21097G101
264,88,5,0,0,1,21097G102
377,81,10,0,4,3,21097H101
277,105,7,1,1,1,21097H102
736,450,32,0,7,12,21101AB
283,107,6,0,9,7,21101A101
218,86,4,0,2,2,21101A102
290,161,14,2,3,3,21101A108A
421,151,17,0,3,8,21101A110A
274,122,9,0,1,3,21101A111
270,130,6,0,0,4,21101A112A
546,199,26,0,1,6,21101A114
251,198,13,0,5,3,21101A116A
327,94,6,0,4,3,21101B101C
188,49,7,1,0,1,21101B102C
371,118,8,0,4,4,21101B103
383,88,11,0,3,6,21101B104
330,96,6,1,3,3,21101B105
272,231,11,0,1,2,21101B106A
250,125,8,1,4,5,21101B108A
105,46,10,0,0,2,21101B109
421,163,11,0,1,7,21101B110A
394,158,18,0,4,7,21101B111A
140,55,6,0,3,2,21101B112A
278,133,11,1,2,3,21101C101AB
191,80,5,0,2,2,21101C102
212,95,7,1,3,4,21101C103B
356,119,13,1,1,3,21101C104B
246,55,4,0,2,1,21101C105
184,59,5,0,1,2,21101C106A
294,183,13,2,3,4,21101C107A
239,157,10,0,4,6,21101C109A
200,47,4,0,0,1,21101C110
183,122,7,0,3,2,21101C111A
165,201,10,0,3,3,21101D101A
68,193,6,0,3,3,21101D102A
181,152,13,0,5,2,21101D103A
149,193,6,0,5,0,21101D104A
190,240,10,0,4,6,21101D106A
229,162,9,0,5,1,21101D109A
298,278,31,0,6,7,21101D111A
261,295,21,1,7,5,21101E105A
180,105,10,0,3,3,21101E106A
225,140,16,0,2,2,21101E107A
263,169,19,0,6,7,21101E108A
236,127,9,0,3,2,21101E109A
199,101,8,0,1,1,21101E110A
162,141,13,0,2,5,21101E111A
201,151,6,2,2,5,21101E112A
299,182,12,0,6,7,21101E113A
194,94,11,0,3,6,21103AB
338,170,18,1,2,6,21103A101
283,154,11,0,1,2,21103A102
137,54,11,0,1,2,21103A103
496,158,18,0,1,7,21103B101
137,36,11,1,1,1,21103B102
329,92,18,0,5,9,21103B103
458,166,21,0,10,9,21103C101
217,61,6,0,1,4,21103C102
138,50,4,0,6,1,21103C103
559,179,22,0,7,10,21103D101
180,86,7,0,5,9,21103D102
58,22,1,0,0,0,21103E101
112,30,3,0,2,4,21103E102
155,51,12,0,3,6,21103E103
137,41,8,0,0,0,21103E104
98,28,5,0,2,3,21103E105
228,80,11,0,1,3,21103E106
175,85,10,0,1,1,21103F101
142,49,5,0,2,1,21103F102
373,142,11,1,4,4,21103F103
85,25,0,0,0,1,21105AB
153,53,5,0,1,0,21105A101
227,117,7,0,2,1,21105A102
284,67,3,0,1,9,21105B101
265,66,5,0,0,2,21105B102
266,60,2,0,1,2,21105C101
377,61,4,0,1,4,21105C102
869,349,28,3,3,14,21107AB
266,69,6,0,2,1,21107A001
301,44,8,0,1,1,21107A002
614,124,16,1,2,11,21107A003
125,12,3,0,0,0,21107A004
244,29,5,0,1,2,21107A005
235,92,12,0,1,0,21107A006
358,72,3,0,2,3,21107A007
246,131,5,0,1,0,21107B008
329,71,9,0,6,3,21107B009
226,36,2,0,1,0,21107B010
297,76,17,0,3,0,21107B011
237,57,4,0,2,3,21107B012
172,23,3,0,1,2,21107B013
182,108,6,0,8,2,21107B014
145,80,10,0,1,2,21107B015
409,92,14,3,2,2,21107C016
350,70,10,0,3,4,21107C017
500,92,11,0,2,9,21107C018
333,73,9,1,2,2,21107C019
231,73,5,0,0,2,21107C020
379,110,16,0,5,5,21107C021
96,155,13,0,2,0,21107C022
580,88,9,0,1,7,21107D023
468,103,10,0,3,3,21107D024
173,186,16,0,1,3,21107D025
193,31,7,0,1,0,21107D026
585,164,32,0,2,8,21107D027
354,124,16,0,4,2,21107D028
93,38,4,0,0,1,21107D029
332,37,9,0,2,4,21107E030
341,63,7,1,2,3,21107E031
240,19,7,1,0,1,21107E032
440,88,12,2,0,3,21107E033
420,134,9,0,3,5,21107E034
134,114,4,0,3,4,21107E035
206,47,7,1,0,1,21107E036
145,28,3,0,0,2,21107F037
468,93,6,1,1,6,21107F038
256,63,7,0,2,0,21107F039
372,58,7,1,1,8,21107F040
178,22,1,0,1,0,21107F041
322,59,10,0,1,2,21107F042
363,118,12,1,1,3,21107F043
195,66,2,0,0,7,21107G044
244,92,8,0,5,1,21107G045
168,80,11,0,0,7,21107G046
167,94,7,0,5,1,21107G047
245,116,18,0,4,3,21107G048
301,87,11,0,1,10,21107G049
150,60,11,0,2,0,21107G050
309,26,7,0,1,1,21109A101
305,36,6,0,5,2,21109A102
490,38,4,0,2,3,21109A103
140,13,1,0,0,1,21109A104
127,10,0,0,1,0,21109A105
159,15,0,0,2,4,21109A106
463,38,6,1,2,2,21109B101
678,72,10,0,1,6,21109B102
532,54,7,0,1,0,21109B103
318,38,6,0,0,2,21109B104
349,46,5,1,3,0,21109C101
275,14,7,1,0,1,21109C102
196,21,5,0,2,1,21109C103
235,18,9,0,0,2,21109C104
0,0,0,0,0,0,21109Early Vote President
177,22,2,0,0,0,21109ABSENTEE MACHINE
136,21,4,0,0,2,21109ABSENTEE PAPER
538,577,21,0,10,4,21111A105
281,218,12,0,6,8,21111A107
503,336,24,0,7,14,21111A108
403,270,30,2,8,5,21111A111
450,336,17,0,4,10,21111A113
397,236,19,2,5,5,21111A114
413,241,18,0,7,9,21111A115
232,117,10,2,3,4,21111A118
369,215,24,0,7,9,21111A119
417,275,17,0,8,5,21111A121
383,420,18,0,3,11,21111A123
482,259,23,1,3,5,21111A124
517,268,14,0,8,5,21111A125
460,283,16,0,3,2,21111A126
286,225,13,0,6,7,21111A127
354,219,17,0,2,5,21111A128
606,254,15,1,13,10,21111A129
298,94,10,0,2,1,21111A130
399,291,13,0,10,8,21111A131
322,132,9,0,7,6,21111A134
321,248,16,1,4,1,21111A135
209,164,15,0,6,1,21111A136
262,190,12,0,8,9,21111A139
531,361,33,0,7,12,21111A140
8,5,0,0,0,1,21111A141
130,69,7,0,3,3,21111A142
10,2,0,0,0,0,21111A143
376,268,23,0,3,3,21111B124
513,276,23,1,5,4,21111B132
554,344,26,0,2,13,21111B133
728,538,34,0,9,17,21111B134
346,185,23,0,4,7,21111B149
574,437,42,0,7,11,21111B151
37,21,1,0,0,0,21111B153
362,311,35,0,9,17,21111B154
250,273,21,0,6,5,21111B155
520,412,47,1,13,12,21111B156
685,581,39,0,3,10,21111B157
609,287,26,0,1,4,21111B158
826,564,42,0,6,26,21111B159
290,191,23,0,4,7,21111B160
65,27,2,0,1,0,21111B161
625,281,25,0,1,10,21111B162
453,445,25,1,11,11,21111B163
296,257,21,1,9,9,21111B166
501,375,22,0,8,8,21111B168
369,250,25,0,7,12,21111B169
318,257,15,0,3,8,21111B170
709,471,45,0,9,21,21111B172
546,296,29,0,7,9,21111B173
489,300,18,0,1,7,21111B175
572,264,23,0,5,10,21111B177
69,46,1,0,0,0,21111B181
311,179,13,0,0,13,21111B182
769,482,39,0,10,23,21111B183
19,1,0,0,0,0,21111B184
170,128,11,0,2,1,21111B185
99,533,12,0,7,4,21111C101
117,324,14,0,6,6,21111C102
137,406,13,0,4,11,21111C103
103,330,8,0,5,2,21111C104
4,320,7,1,4,0,21111C105
211,737,20,0,8,11,21111C106
82,606,5,0,7,4,21111C108
36,259,1,0,1,0,21111C109
9,457,5,0,4,0,21111C110
31,814,6,0,7,2,21111C111
79,197,3,1,0,1,21111C113
211,677,11,0,10,6,21111C115
168,318,25,0,9,11,21111C122
144,209,11,0,8,3,21111C123
332,421,24,0,4,9,21111C124
103,378,7,0,6,7,21111C125
93,519,21,0,15,8,21111C126
70,74,4,0,3,4,21111C128
257,567,23,1,7,14,21111C129
20,35,3,0,0,0,21111C130
141,206,8,0,5,1,21111C131
283,576,31,0,2,5,21111C133
239,336,26,1,10,4,21111C134
230,335,17,1,3,7,21111C135
144,228,12,0,6,8,21111C136
220,314,23,1,9,15,21111C137
145,231,29,0,4,5,21111C138
15,7,1,0,0,0,21111C139
134,275,7,0,2,5,21111C141
91,389,10,0,4,8,21111C142
84,44,3,0,6,0,21111C143
36,26,1,0,1,0,21111C144
75,83,6,0,2,1,21111C145
0,0,0,0,0,0,21111C146
0,1,0,0,0,0,21111C147
11,20,0,0,1,1,21111C148
9,1,0,0,0,0,21111C149
6,3,0,0,0,0,21111C150
11,11,1,0,0,0,21111C151
172,239,20,1,7,7,21111D101
190,316,16,0,6,15,21111D104
289,303,17,0,6,12,21111D106
342,397,41,0,10,17,21111D108
109,192,6,0,4,9,21111D109
178,337,13,2,8,5,21111D110
112,375,15,0,6,2,21111D113
319,351,22,0,7,6,21111D114
358,494,29,0,8,9,21111D115
475,449,25,0,9,15,21111D116
317,319,11,0,0,13,21111D117
408,526,39,0,10,14,21111D120
293,266,27,1,5,6,21111D121
377,306,26,0,6,13,21111D122
483,515,48,1,9,20,21111D126
160,198,12,0,2,5,21111D129
248,369,31,0,8,15,21111D130
160,237,18,1,3,13,21111D131
459,697,30,0,7,12,21111D132
213,306,22,0,6,10,21111D135
453,491,19,0,8,7,21111D136
329,242,21,0,4,10,21111D137
489,598,36,0,7,16,21111D138
435,468,41,1,15,17,21111D139
390,429,32,1,8,19,21111D140
359,264,16,0,0,9,21111D141
397,317,18,0,2,9,21111D142
159,186,12,0,4,13,21111D144
162,154,13,0,1,1,21111D145
150,357,20,0,9,6,21111E139
142,152,18,0,1,9,21111E141
241,296,25,0,2,10,21111E142
173,286,29,0,10,12,21111E143
286,380,27,0,14,15,21111E144
325,353,28,1,14,7,21111E145
393,440,30,0,0,5,21111E148
434,345,29,0,3,6,21111E152
326,303,16,0,6,13,21111E154
318,365,29,0,6,12,21111E155
88,98,9,0,1,6,21111E157
226,228,13,0,0,4,21111E158
193,174,12,0,4,6,21111E159
318,258,16,0,5,11,21111E160
217,112,8,0,2,6,21111E161
106,126,13,0,3,8,21111E162
531,273,26,0,4,1,21111E163
450,231,8,0,1,21,21111E164
356,438,30,0,3,13,21111E165
252,209,14,0,6,5,21111E166
222,349,28,0,13,13,21111E167
225,147,15,0,3,4,21111E168
591,384,35,0,9,19,21111E169
192,260,14,0,8,7,21111E171
134,277,23,2,7,8,21111E173
196,267,16,0,5,18,21111E175
121,160,15,0,1,8,21111E176
140,115,11,0,4,3,21111E177
352,257,17,0,2,16,21111E178
367,262,17,0,2,15,21111E179
261,318,22,1,5,9,21111E180
324,386,23,0,6,11,21111E181
653,617,25,0,5,15,21111E182
260,295,28,0,10,9,21111E183
236,240,20,0,4,16,21111E184
88,149,13,0,7,7,21111E185
299,274,11,0,1,6,21111F106
535,454,27,1,5,11,21111F145
559,428,23,1,4,14,21111F151
542,399,28,1,7,13,21111F152
416,372,28,1,6,22,21111F153
364,303,29,0,1,5,21111F154
198,145,8,1,3,5,21111F155
477,401,31,0,9,13,21111F156
155,100,12,0,4,3,21111F158
338,218,17,0,1,10,21111F161
331,276,23,0,2,11,21111F163
450,240,24,1,5,9,21111F164
316,247,14,0,5,15,21111F166
240,333,21,0,2,9,21111F167
150,177,14,0,3,6,21111F169
150,225,15,0,7,5,21111F170
370,250,22,0,4,4,21111F171
302,302,27,1,9,12,21111F172
339,251,26,1,5,8,21111F176
348,336,29,0,7,11,21111F179
449,496,38,2,7,20,21111F180
385,541,39,0,7,21,21111F181
479,544,52,0,14,19,21111F182
220,117,10,0,2,1,21111F183
387,298,27,1,4,13,21111F184
253,453,30,1,12,24,21111F185
335,668,36,2,13,20,21111F186
253,340,35,0,7,25,21111F187
65,401,19,0,11,8,21111G103
80,318,15,1,17,3,21111G104
83,351,22,1,12,8,21111G106
101,420,21,2,8,10,21111G107
62,327,12,0,9,3,21111G108
128,565,33,0,12,10,21111G109
99,428,23,1,11,7,21111G111
186,753,42,1,23,15,21111G112
157,604,24,0,12,7,21111G116
224,753,23,0,11,15,21111G117
132,290,20,1,4,9,21111G119
140,379,23,0,11,7,21111G120
195,305,21,0,4,7,21111G121
102,285,10,0,4,7,21111G122
60,159,6,0,0,2,21111G123
330,477,37,0,7,7,21111G124
181,324,9,0,6,7,21111G126
69,96,9,0,4,2,21111G129
87,386,19,0,12,16,21111G140
109,388,14,0,5,24,21111G141
47,112,3,0,0,1,21111G142
157,614,32,1,14,8,21111G143
142,479,21,0,6,10,21111G144
249,607,34,0,18,12,21111G145
176,560,25,0,10,4,21111G146
206,434,39,0,4,11,21111G147
101,209,13,0,2,3,21111G148
113,233,11,0,2,5,21111G149
110,177,8,1,3,59,21111G150
138,234,15,0,0,13,21111G151
233,353,31,2,7,8,21111G154
220,437,24,1,11,5,21111G155
339,321,19,0,4,13,21111G156
359,489,33,1,5,5,21111G157
343,381,20,0,5,15,21111G158
0,0,0,0,0,0,21111G159
214,153,17,0,1,8,21111G160
134,307,7,0,0,2,21111G161
51,40,4,0,0,3,21111G162
163,260,21,0,10,12,21111G163
337,590,34,0,8,22,21111G164
147,204,22,0,3,8,21111G165
42,78,5,0,5,5,21111G166
122,178,12,0,7,9,21111G167
44,29,2,0,0,0,21111G168 - STM
66,177,5,0,3,35,21111G169
114,466,16,0,9,8,21111H102
183,570,23,0,12,2,21111H103
157,442,30,0,15,4,21111H105
151,394,16,2,13,15,21111H106
107,201,12,2,9,2,21111H109
202,414,23,1,8,6,21111H110
142,227,14,0,6,14,21111H111
242,314,21,0,7,7,21111H112
154,162,16,0,1,2,21111H113
2,6,0,0,0,0,21111H114
155,217,18,0,0,8,21111H115
241,295,32,0,9,9,21111H116
436,430,29,0,7,20,21111H117
256,357,31,0,12,5,21111H118
423,465,34,2,13,13,21111H120
129,176,17,0,1,5,21111H121
113,105,6,0,1,8,21111H123
33,106,7,2,3,1,21111H124
188,151,11,0,5,2,21111H125
219,193,12,0,8,8,21111H126
83,196,2,0,1,3,21111H127
0,0,0,0,0,0,21111H130
75,254,22,0,15,0,21111H131
28,174,4,0,8,3,21111H132
15,59,3,0,4,1,21111H133
401,588,30,0,17,10,21111H138
187,421,23,1,7,15,21111H141
391,273,32,1,4,6,21111H144
334,191,15,0,2,5,21111H145
391,287,22,1,4,4,21111H146
296,204,20,1,6,9,21111H147
375,235,20,0,11,11,21111H148
2,0,0,0,0,0,21111H150
0,1,0,0,0,0,21111H151
38,74,4,0,3,0,21111H152
0,0,0,0,0,0,21111H153
79,74,3,0,3,0,21111H154
80,112,7,0,0,2,21111H155
0,0,0,0,0,0,21111H156
3,14,0,0,0,1,21111H157
0,0,0,0,0,0,21111H158
109,67,6,0,3,4,21111H159
345,437,30,1,6,13,21111H160
1,0,0,0,0,0,21111H161
234,202,32,0,5,7,21111H162
203,381,18,0,10,10,21111I107
115,238,15,0,6,4,21111I109
78,83,11,0,4,5,21111I110
284,489,30,3,14,15,21111I111
297,360,36,1,6,10,21111I112
67,317,6,0,4,5,21111I115
128,180,7,2,5,5,21111I120
202,116,3,1,2,1,21111I122
473,476,15,0,4,12,21111I123
168,187,5,0,4,5,21111I124
127,185,7,0,1,4,21111I125
424,170,18,0,3,11,21111I126
231,106,3,0,6,3,21111I130
712,275,40,1,7,7,21111I133
227,90,10,0,3,4,21111I135
2,0,0,0,0,0,21111I138
28,41,2,0,0,0,21111I140
336,311,24,0,6,19,21111I141
1,0,0,0,0,0,21111I142
35,24,0,0,0,2,21111I143
53,21,2,1,0,1,21111I144
79,70,7,0,2,1,21111I145
352,234,21,0,11,8,21111I146
23,16,1,0,0,0,21111I147
184,121,6,0,1,3,21111I148
0,0,0,0,0,0,21111I149
29,36,1,0,0,1,21111I150
374,297,28,0,4,6,21111I151
500,307,39,0,16,11,21111I152
595,491,52,0,12,10,21111I153
522,473,35,1,11,13,21111I154
21,12,2,0,0,1,21111I155
171,127,9,0,0,2,21111I156
155,395,14,0,11,5,21111J101
225,462,20,0,7,2,21111J104
143,196,8,0,2,5,21111J105
128,285,12,0,4,3,21111J107
285,411,37,0,21,8,21111J108
177,305,15,0,10,0,21111J111
335,392,24,1,10,20,21111J113
343,430,30,0,9,21,21111J114
204,218,9,1,3,6,21111J117
264,249,10,3,3,6,21111J119
343,306,19,0,2,12,21111J120
282,304,10,0,6,5,21111J122
187,160,14,0,2,5,21111J123
85,100,6,0,3,2,21111J130
401,258,22,0,2,3,21111J135
390,190,15,1,5,6,21111J137
109,63,6,0,1,1,21111J138
73,130,10,0,5,7,21111J140
301,140,8,0,4,4,21111J141
4,2,0,0,0,0,21111J142
46,29,1,0,0,1,21111J143
402,198,13,0,2,3,21111J144
472,230,21,0,2,5,21111J145
0,0,0,0,0,0,21111J146
215,358,13,0,8,4,21111J147
264,351,25,1,8,16,21111J148
127,369,9,0,9,6,21111J149
155,215,8,0,6,3,21111J150
4,6,0,0,1,1,21111J151
315,146,11,0,4,5,21111J152
153,76,7,1,2,0,21111J153
0,0,0,0,0,0,21111J154
166,63,5,0,1,1,21111J155
99,291,20,0,5,6,21111K104
97,634,28,1,21,9,21111K105
79,287,9,0,3,4,21111K110
72,181,4,0,7,2,21111K111
72,246,7,0,5,6,21111K112
44,188,6,0,2,1,21111K113
137,361,18,2,2,2,21111K114
31,50,0,0,1,2,21111K116
172,318,24,1,17,9,21111K117
32,457,5,0,1,3,21111K118
234,303,13,0,5,6,21111K119
104,562,4,0,6,2,21111K122
98,667,8,1,2,0,21111K123
53,136,5,0,1,1,21111K125
68,220,4,0,4,0,21111K126
352,380,12,0,7,8,21111K127
281,224,20,1,7,6,21111K128
113,392,21,0,18,7,21111K129
86,353,5,0,2,0,21111K130
145,324,12,0,2,3,21111K131
140,94,9,1,4,3,21111K132
117,349,23,1,6,6,21111K133
158,262,21,0,7,7,21111K134
3,15,1,0,0,0,21111K135
21,84,0,0,1,0,21111K136
3,163,3,0,2,1,21111K137
67,61,3,0,0,0,21111K138
0,0,0,0,0,0,21111K139
32,172,7,0,3,2,21111K140
48,105,7,0,4,4,21111K141
0,0,0,0,0,0,21111K142
0,0,0,0,0,0,21111K143
237,278,12,0,4,4,21111K144
410,418,15,1,8,4,21111K145
408,352,24,0,8,8,21111K146
463,455,23,2,8,7,21111K147
218,242,12,0,2,4,21111K148
1,0,0,0,0,0,21111K149
0,0,0,0,0,0,21111K150
0,0,0,0,0,0,21111K151
21,580,4,0,0,3,21111L104
18,353,3,0,1,1,21111L108
5,12,0,0,0,0,21111L110
29,247,6,0,8,1,21111L111
12,311,4,0,3,6,21111L112
45,560,13,0,8,9,21111L113
17,65,4,0,5,1,21111L115
165,447,43,0,6,28,21111L117
347,570,27,0,3,13,21111L118
144,504,29,0,7,59,21111L119
212,288,19,0,5,7,21111L134
195,275,16,0,9,11,21111L135
209,440,41,0,11,7,21111L136
173,219,25,1,4,11,21111L138
327,419,26,0,5,67,21111L139
4,260,2,0,0,1,21111L140
62,286,9,0,10,2,21111L141
68,288,11,0,3,3,21111L142
33,194,8,1,4,2,21111L143
8,205,2,0,1,2,21111L144
5,460,5,0,4,1,21111L145
256,426,30,0,6,14,21111L146
6,436,2,0,6,1,21111L147
12,198,1,0,0,0,21111L148
1,26,0,0,0,0,21111L149
1,48,0,0,0,0,21111L150
191,280,13,0,4,13,21111L151
102,152,14,0,2,7,21111L152
29,38,2,0,0,3,21111L153
7,336,5,0,5,1,21111L154
2,8,2,0,0,0,21111L155
81,516,12,0,12,3,21111L156
5,457,3,0,7,2,21111L157
5,328,0,0,5,1,21111L158
2,131,0,0,0,0,21111L159
4,246,1,0,1,4,21111L160
13,424,3,0,2,0,21111L161
0,8,0,0,0,0,21111L162
18,242,1,0,2,1,21111L163
89,187,13,0,7,3,21111L164
14,948,3,0,4,0,21111M102
13,998,2,0,5,0,21111M103
8,404,0,0,6,2,21111M104
8,406,2,0,2,2,21111M105
3,240,1,0,3,0,21111M107
5,583,2,0,2,4,21111M110
83,458,14,0,13,8,21111M121
112,694,31,1,20,14,21111M123
106,546,26,1,14,10,21111M124
12,271,0,0,1,0,21111M129
22,258,2,0,3,2,21111M130
52,259,7,0,9,4,21111M131
10,687,3,1,2,3,21111M133
106,295,13,0,10,48,21111M137
180,621,23,0,7,50,21111M138
78,412,26,0,13,11,21111M139
46,171,13,0,6,2,21111M140
73,259,9,1,4,4,21111M141
166,752,43,0,21,23,21111M142
92,322,13,1,9,8,21111M143
44,207,10,0,8,6,21111M144
3,32,0,0,2,0,21111M145
51,431,19,0,14,26,21111M146
62,292,23,0,14,6,21111M147
8,439,0,0,2,0,21111M148
161,285,7,0,0,1,21111M149
64,178,12,1,7,2,21111M150
26,118,3,0,3,3,21111M159
27,95,5,1,3,2,21111M160
36,200,8,0,8,1,21111M162
36,157,10,0,5,3,21111M163
8,16,1,0,0,1,21111M164
0,0,0,0,0,0,21111M165
31,450,2,0,3,5,21111M166
0,0,0,0,0,0,21111M167
15,99,11,0,8,1,21111M168
4,265,1,0,2,3,21111M169
27,646,1,0,5,2,21111M170
31,769,8,0,4,0,21111M171
13,121,2,0,6,1,21111M172
67,540,4,1,1,4,21111M173
0,1,0,0,0,0,21111M174
0,0,0,0,0,0,21111M175
100,531,4,0,7,3,21111N101
223,286,15,0,11,8,21111N102
18,670,3,0,9,4,21111N103
20,716,6,0,3,5,21111N104
30,521,1,1,3,1,21111N105
15,629,3,0,3,1,21111N106
11,630,3,0,4,4,21111N107
14,694,2,1,2,4,21111N108
7,466,2,0,3,3,21111N109
5,417,6,0,2,4,21111N110
2,295,3,0,1,1,21111N111
9,362,2,0,1,1,21111N112
7,273,5,0,1,0,21111N113
143,267,10,0,6,1,21111N115
91,413,10,0,4,4,21111N117
2,1,0,0,0,0,21111N124
322,349,18,0,5,9,21111N125
288,168,16,0,7,9,21111N126
19,38,0,0,0,0,21111N127
54,162,3,0,0,1,21111N128
229,506,30,0,11,44,21111N130
346,263,26,1,5,9,21111N131
121,584,15,2,7,12,21111N134
36,88,8,0,0,1,21111N135
29,259,1,0,4,1,21111N136
2,132,2,0,0,0,21111N137
2,34,0,0,0,0,21111N138
0,75,0,0,0,0,21111N139
222,208,16,0,0,7,21111N141
390,427,29,0,4,9,21111N142
374,420,32,0,8,23,21111N143
236,234,17,0,5,15,21111N144
3,451,1,0,2,0,21111N145
197,261,15,0,6,12,21111N146
32,72,0,0,3,1,21111N147
3,328,3,0,4,1,21111N148
1,102,0,0,0,0,21111N149
0,12,0,0,0,0,21111N150
147,650,6,0,3,3,21111O105
185,723,11,0,9,1,21111O107
211,591,15,0,5,3,21111O109
196,423,6,0,5,5,21111O111
292,230,8,0,5,3,21111O112
138,361,3,0,6,4,21111O113
364,309,15,0,5,3,21111O114
478,367,26,1,3,12,21111O115
96,564,8,1,6,2,21111O117
103,544,10,0,12,1,21111O119
132,444,8,0,5,3,21111O121
130,286,8,0,4,3,21111O123
192,237,16,0,4,2,21111O124
183,364,12,0,5,3,21111O126
214,330,13,0,5,5,21111O127
356,372,11,0,4,6,21111O128
527,435,22,1,3,16,21111O129
316,292,13,0,2,5,21111O130
222,248,18,1,3,8,21111O131
498,265,30,0,6,13,21111O133
573,245,13,1,5,9,21111O134
336,260,12,0,3,7,21111O135
289,293,13,0,9,3,21111O136
509,432,23,0,2,11,21111O137
159,131,5,0,0,0,21111O138
15,17,3,0,1,1,21111O139
0,0,0,0,0,0,21111O141
225,173,19,0,8,8,21111O142
13,5,0,0,0,0,21111O143
350,584,25,3,9,10,21111Q101
401,505,33,0,4,14,21111Q103
84,168,6,0,4,2,21111Q104
502,530,28,1,7,12,21111Q105
341,528,22,1,13,26,21111Q107
573,448,24,1,9,11,21111Q109
497,293,16,0,7,3,21111Q112
255,110,18,0,2,4,21111Q113
466,262,27,0,11,9,21111Q114
412,354,18,0,9,20,21111Q115
423,340,27,1,4,8,21111Q116
436,274,17,0,7,13,21111Q117
466,363,25,0,9,14,21111Q119
86,474,6,2,3,1,21111Q122
34,804,9,1,3,1,21111Q123
129,413,6,0,1,2,21111Q124
662,476,57,2,9,20,21111Q125
261,143,9,0,2,9,21111Q126
135,243,13,0,4,2,21111Q127
226,145,12,0,0,4,21111Q131
251,220,13,0,10,3,21111Q132
160,313,9,0,4,3,21111Q134
119,129,9,0,0,2,21111Q136
276,377,20,0,9,11,21111Q137
163,271,25,0,9,6,21111Q138
173,128,10,0,5,9,21111Q139
339,265,15,0,3,3,21111S116
383,392,46,1,4,11,21111S118
378,515,31,1,8,16,21111S119
466,537,20,1,6,6,21111S125
416,360,22,0,4,8,21111S126
314,295,15,1,1,9,21111S128
338,292,23,0,4,3,21111S129
407,309,10,0,4,12,21111S130
274,459,29,0,8,12,21111S131
360,560,22,1,5,23,21111S132
249,530,31,0,11,14,21111S135
485,601,37,1,6,9,21111S139
386,297,18,1,5,9,21111S140
470,555,45,1,13,23,21111S141
259,283,25,1,0,13,21111S142
436,266,22,0,4,1,21111S143
310,278,18,0,4,3,21111S144
279,316,26,0,6,15,21111S146
440,341,18,0,4,15,21111S150
253,259,20,0,5,4,21111S152
466,441,39,1,2,17,21111S153
186,292,17,0,2,10,21111S156
902,640,28,0,1,23,21111S160
235,279,16,0,0,7,21111S161
306,315,24,0,3,4,21111S164
286,247,13,2,0,4,21111S165
381,258,21,0,3,9,21111S166
291,254,17,0,3,2,21111S167
266,235,19,0,5,8,21111S168
285,334,35,1,8,10,21111V101
844,423,32,1,5,17,21111V102
365,111,13,0,4,3,21111V103
759,488,32,0,7,29,21111V104
734,297,25,0,4,16,21111V105
279,312,31,1,9,11,21111V106
406,148,14,0,0,10,21111V107
831,347,28,0,7,14,21111V108
60,24,3,0,0,1,21111V109
762,373,37,0,1,14,21111V110
475,293,25,0,3,13,21111V111
13,5,0,0,0,0,21111V112
990,561,44,1,4,28,21111V113
585,240,25,0,2,5,21111V114
412,306,25,0,9,14,21111V115
492,303,25,0,5,11,21111V116
376,325,14,0,3,17,21111V117
411,319,34,1,15,14,21111V118
708,407,36,0,11,19,21111V119
510,426,42,1,8,24,21111V120
456,392,14,0,2,13,21111V121
0,0,0,0,0,0,21111V122
2,0,0,0,0,0,21111V123
257,250,14,0,1,9,21111V124
376,248,20,0,4,9,21111V125
648,407,38,0,5,18,21111V126
602,534,32,0,12,18,21111V127
520,336,39,0,4,20,21111V128
741,348,28,0,1,14,21111V129
153,93,7,0,1,5,21111V130
494,312,31,0,3,17,21111V131
335,156,18,1,3,4,21111V132
367,141,21,1,3,16,21113AB2
643,288,37,0,5,12,21113AB6
197,94,16,0,4,3,21113A101-1A
238,110,20,0,1,5,21113A102-2A
413,259,29,0,3,18,21113A103-3A
297,136,3,0,3,7,21113A104-4A
396,179,20,0,3,17,21113A105-5A
625,187,25,0,2,13,21113A106-6A
271,117,21,2,1,10,21113A107-6B
531,183,23,0,3,19,21113B101-7A
544,226,22,0,4,10,21113B102-7B
426,181,20,0,7,5,21113B103-7C
411,223,28,0,10,18,21113B104-7D
645,204,29,0,10,16,21113B105-7E
405,134,9,1,4,6,21113C101-1C
372,99,7,0,4,7,21113C102-2C
360,267,36,0,5,10,21113C103-3C
504,209,23,0,4,19,21113C104-4C
680,218,32,0,3,19,21113C105-5C
150,53,10,0,1,8,21113D101-1D
286,151,17,0,5,5,21113D102-2D
425,120,15,0,2,13,21113D103-3D
569,206,36,1,3,69,21113D104-4D
394,132,32,3,9,50,21113D105-5D
350,126,42,0,16,41,21113D106-6D
187,56,8,0,1,12,21113D107-7D
164,50,11,0,0,8,21113E101-1E
646,206,13,0,4,30,21113E102-2E
428,124,14,1,1,18,21113E103-3E
469,157,16,1,8,16,21113E104-4E
393,118,22,1,4,11,21113E105-5E
588,207,28,0,7,46,21113E106-6E
329,90,46,2,8,65,21113E107-7E
260,118,15,0,4,8,21113F101-1F
311,145,11,0,2,9,21113F102-2F
466,219,26,0,5,12,21113F103-3F
328,162,14,1,5,11,21113F104-4F
406,249,32,0,6,13,21113F105-5F
229,46,8,1,0,1,21115UPPER WARD
203,37,3,0,2,1,21115MIDDLE WARD
142,28,4,1,1,2,21115LOWER WARD
197,27,1,0,5,1,21115BRIDGEFORD
474,63,10,1,1,5,21115STAFFORDSVILLE
422,67,8,0,4,2,21115HAGER HILL
204,52,3,0,3,2,21115SOUTHSIDE
346,71,11,2,5,3,21115KING ADDITION
90,8,1,0,2,0,21115EAST POINT
165,24,2,0,0,0,21115MUDDY BRANCH
234,36,5,0,2,2,21115WEST VAN LEAR
245,32,8,0,2,1,21115DANIELS CREEK
256,46,3,1,0,4,21115POWELL ADDITION
302,40,5,0,0,3,21115MINGO
171,45,6,1,3,1,21115VAN LEAR
242,36,6,0,0,1,21115BUFFALO
309,46,4,1,3,0,21115GREASY CREEK
51,13,2,0,0,0,21115WHITEHOUSE
224,36,5,1,2,0,21115THELMA
358,42,15,0,2,1,21115MOUTH OF RUSH
224,20,1,1,0,2,21115OIL SPRINGS
284,42,1,1,3,0,21115BARNETTS CREEK
427,41,6,0,6,4,21115FLAT GAP
133,34,1,0,0,1,21115VOLGA
168,24,2,0,3,1,21115LOW GAP
137,39,3,0,1,0,21115RED BUSH
357,39,8,0,2,1,21115JENNYS CREEK
156,23,1,0,0,0,21115LITTLE GAP
238,26,3,0,1,0,21115STAMBAUGH
176,18,3,0,1,1,21115SITKA
223,21,6,0,1,1,21115SYCAMORE
0,0,0,0,0,0,21115Early Vote President
505,83,13,1,4,2,21115ABSENTEE MACHINE
151,45,5,0,1,1,21115ABSENTEE PAPER
2590,1748,165,3,26,60,21117AB
141,259,10,1,11,3,21117A101
71,234,23,0,5,3,21117A102
139,324,29,0,8,5,21117A103
187,160,20,0,4,1,21117A104
103,145,11,1,3,0,21117A105
103,277,25,0,10,3,21117A106
144,291,26,0,7,8,21117A107
225,349,29,1,13,2,21117A108
170,205,19,0,7,1,21117A109
157,141,7,0,1,0,21117A110
178,224,18,0,1,5,21117A111
197,206,14,1,7,7,21117A112
187,122,17,0,5,2,21117A113
183,124,20,0,6,1,21117A114
186,169,6,0,2,2,21117A115
218,130,16,0,1,5,21117A116
274,175,24,0,7,2,21117A117
30,250,3,0,3,0,21117A118
48,206,6,1,6,2,21117A119
101,193,12,1,5,0,21117A120
103,232,21,0,11,3,21117A121
174,331,24,0,14,15,21117A122
131,201,16,0,8,6,21117A123
269,211,27,0,10,6,21117A124
159,76,9,0,5,3,21117A125
535,376,46,1,11,8,21117A126
386,256,38,0,7,6,21117A128
325,172,26,0,14,11,21117A130
837,371,69,2,20,13,21117A131
299,252,32,0,10,7,21117A132
369,372,46,0,10,17,21117A133
425,212,48,0,10,14,21117A135
420,170,26,0,8,11,21117A136
744,292,43,0,13,17,21117A137
575,279,36,0,16,9,21117A138
553,115,25,0,1,7,21117B101
327,104,10,0,2,7,21117B105
414,164,13,1,6,11,21117B106
265,120,23,0,3,3,21117B107
663,286,39,0,4,8,21117B108
494,192,25,1,5,3,21117B109
505,257,25,0,6,11,21117B110
371,155,19,0,2,10,21117B111
498,193,31,0,4,12,21117B112
987,273,50,1,9,23,21117B115
737,243,47,1,6,19,21117B116
336,174,27,0,9,8,21117B117
820,336,67,1,7,13,21117B118
200,47,2,0,1,2,21117B119
614,145,23,0,2,6,21117B120
590,178,29,0,5,12,21117B121
864,328,53,0,15,13,21117B122
431,86,8,0,4,3,21117B123
543,242,37,0,13,15,21117B125
330,83,12,0,4,2,21117B129
473,141,25,1,1,10,21117B130
370,147,20,0,9,9,21117B131
923,433,79,2,9,18,21117B132
634,194,29,0,3,11,21117B133
295,182,14,1,6,9,21117B134
475,201,37,1,4,7,21117B135
871,286,55,0,7,19,21117B136
727,265,44,0,8,9,21117B137
694,303,36,2,3,11,21117B138
0,2,0,0,0,0,21117B139
575,231,28,0,13,13,21117B140
987,340,47,1,14,18,21117B141
11,3,0,0,0,0,21117B142
247,154,30,0,8,4,21117C101
451,262,35,0,8,21,21117C102
256,116,17,1,5,4,21117C103
349,357,46,2,9,10,21117C104
341,201,26,1,2,6,21117C105
293,197,20,0,5,9,21117C106
524,296,55,1,10,8,21117C107
205,103,17,0,0,4,21117C108
247,124,17,0,5,7,21117C109
373,231,34,0,7,12,21117C110
327,231,32,0,4,13,21117C111
274,159,24,0,8,13,21117C112
284,183,19,0,6,9,21117C113
251,162,17,0,8,4,21117C114
214,199,25,0,9,8,21117C115
404,249,34,1,8,8,21117C116
397,253,44,0,3,16,21117C117
424,225,28,0,4,6,21117C118
209,151,27,0,4,9,21117C119
287,201,20,2,8,12,21117C121
589,394,56,1,5,13,21117C122
687,277,39,1,13,16,21117C124
662,398,56,0,9,16,21117C125
465,208,33,0,6,9,21117C127
388,270,32,0,4,8,21117C128
557,269,44,1,3,6,21117C130
436,181,19,0,3,9,21117C131
407,175,28,0,8,8,21117C133
477,249,28,1,4,10,21117C134
763,331,39,2,3,19,21117C135
561,369,42,2,8,16,21117C136
347,139,33,0,3,7,21117C137
367,199,22,1,10,14,21117C138
260,165,27,0,6,4,21117C139
423,228,25,0,3,9,21117C140
252,123,17,0,4,11,21117C141
0,0,0,0,0,0,21117C142
0,0,0,0,0,0,21117C143
242,60,6,2,3,5,21119A101
144,71,2,0,2,0,21119A103
357,86,9,0,1,3,21119A104
157,57,2,1,0,2,21119A105
121,34,2,0,0,1,21119A106
140,31,7,0,0,1,21119A108
288,40,8,0,0,2,21119B101
193,57,2,0,0,1,21119B102
115,39,2,0,0,3,21119B103
133,22,2,0,0,0,21119B104
106,36,1,0,0,0,21119B105
62,18,0,0,2,1,21119B106
224,59,4,0,1,1,21119B107
127,40,10,0,1,3,21119C101
238,56,1,0,0,2,21119C102
16,12,0,0,0,0,21119C103
30,7,1,0,0,0,21119C104
83,23,0,0,0,1,21119C105
32,0,1,0,0,0,21119C106
107,27,5,0,1,0,21119C107
140,37,0,0,0,5,21119C108
73,28,0,0,0,0,21119C109
70,28,1,0,0,1,21119C110
30,10,0,0,0,0,21119C111
119,54,1,0,0,0,21119C112
66,15,6,0,0,0,21119D102
180,50,7,0,0,1,21119D103
146,40,3,2,0,1,21119D104
216,86,8,1,1,2,21119D105
175,40,3,1,1,0,21119D107
0,0,0,0,0,0,21119Early Vote President
158,37,4,0,0,0,21119ABSENTEE MACHINE
69,45,4,0,0,3,21119ABSENTEE PAPER
224,24,4,0,2,0,21121A101
247,42,2,0,1,3,21121A102
335,37,3,0,2,1,21121A103
494,77,17,0,2,3,21121A104
595,93,17,0,9,5,21121A105
523,64,12,0,1,5,21121A106
103,26,1,1,1,1,21121B101
103,11,1,1,1,0,21121B102
74,8,0,0,0,0,21121B103
152,11,1,0,1,0,21121B104
313,30,5,2,3,1,21121B105
247,25,5,0,1,1,21121B106
268,36,1,1,3,5,21121B107
426,49,4,1,2,3,21121B108
168,30,5,1,4,2,21121C101
258,48,3,0,0,5,21121C102
702,113,14,0,3,8,21121C103
384,64,12,0,1,6,21121C104
136,45,2,1,1,0,21121C105
275,61,3,0,1,3,21121D101
231,50,4,0,2,2,21121D102
180,81,3,0,0,2,21121D103
381,105,10,0,2,6,21121D104
364,109,12,0,4,6,21121D105
120,21,2,0,3,1,21121E101
130,23,1,0,1,0,21121E102
296,43,8,0,1,3,21121E103
424,79,10,0,7,2,21121E104
846,138,15,3,0,9,21121E105
378,96,7,0,5,13,21121E106
0,0,0,0,0,0,21121Early Vote President
352,69,4,0,0,2,21121ABSENTEE MACHINE
156,53,1,0,0,4,21121ABSENTEE PAPER
306,116,9,0,1,4,21123AB
677,154,19,1,2,10,21123A101
390,173,15,1,4,8,21123A103
488,168,20,2,3,8,21123B101
271,87,20,0,3,5,21123B102
234,80,5,0,0,0,21123B103
681,152,28,1,2,15,21123C101
346,85,10,0,0,7,21123C102
175,41,12,0,1,5,21123C103
455,97,5,2,7,8,21123D101
426,60,18,1,3,4,21123D102
181,35,6,0,0,3,21123D103
169,30,7,0,2,3,21123D104
423,68,14,0,4,12,21125A101
357,49,5,0,3,4,21125A102
374,81,12,0,1,5,21125A103
455,54,11,0,1,2,21125A104
433,70,6,1,2,1,21125A105
533,109,11,0,1,4,21125A106
423,91,10,0,2,2,21125A107
369,78,6,0,4,3,21125A108
466,79,17,0,1,2,21125B101
479,86,5,1,4,3,21125B102
651,133,13,0,6,3,21125B103
300,46,10,0,0,4,21125B104
538,100,17,0,2,2,21125B105
432,62,12,0,2,2,21125B106
133,34,8,0,2,0,21125C101
298,43,8,0,0,2,21125C102
291,26,1,0,1,1,21125C103
408,104,15,0,1,4,21125C104
295,42,3,0,0,1,21125C105
283,38,8,0,3,3,21125C106
432,52,9,0,1,6,21125C108
469,105,17,0,3,10,21125C109
502,90,10,0,2,6,21125C110
600,96,11,1,4,4,21125D101
475,82,5,1,2,4,21125D102
288,14,3,0,1,4,21125D103
325,30,7,0,2,5,21125D104
449,43,3,2,4,1,21125D105
360,47,3,0,2,2,21125D106
377,84,10,2,3,5,21125D107
333,49,8,0,5,1,21125D108
383,69,12,2,7,5,21125E101
458,63,11,0,3,2,21125E103
391,101,17,0,7,9,21125E104
477,84,20,1,3,3,21125E105
636,91,23,0,2,6,21125E106
325,27,3,0,4,5,21125E107
349,29,1,1,2,6,21125E108
487,85,24,0,1,4,21125F101
684,96,16,0,4,7,21125F102
133,24,4,0,0,1,21125F103
654,107,8,0,1,6,21125F104
768,116,14,0,3,7,21125F105
297,45,2,0,0,4,21125F106
392,91,7,0,1,7,21125F107
0,0,0,0,0,0,21125Early Vote President
1036,187,25,1,5,9,21125ABSENTEE MACHINE
571,140,8,0,2,3,21125ABSENTEE PAPER
324,75,15,0,3,2,21127AB
203,51,4,0,1,6,21127A101
592,119,8,0,6,3,21127A102
169,44,3,0,3,4,21127A103
200,40,9,0,1,2,21127A104
191,76,5,0,1,0,21127B101
280,60,3,0,2,0,21127B102
622,166,18,0,2,12,21127B103
106,12,0,0,0,0,21127C101
193,39,4,0,2,1,21127C102
158,27,0,1,1,2,21127C103
478,55,5,2,2,1,21127C104
154,31,1,0,1,1,21127C105
218,31,4,1,1,2,21127D101
195,20,5,0,1,1,21127D102
132,66,3,0,4,0,21127D103
229,47,8,0,0,0,21127D104
237,52,10,0,1,0,21127D105
135,34,2,1,0,0,21127D106
170,9,2,0,0,0,21131A101
406,25,5,0,2,1,21131A102
31,2,0,0,0,0,21131A103
325,32,3,0,1,2,21131A104
90,11,1,0,0,0,21131A105
392,25,1,1,3,2,21131B101
160,40,2,1,1,0,21131B102
175,9,1,0,2,0,21131B103
157,9,1,0,0,0,21131B104
410,38,4,0,0,1,21131C101
204,21,1,2,0,0,21131C102
376,36,3,0,1,2,21131C103
233,32,4,0,2,1,21131D101
179,30,3,1,2,3,21131D102
143,20,1,0,0,3,21131D103
247,20,6,0,0,1,21131D104
72,1,0,0,0,0,21131D105
0,0,0,0,0,0,21131Early Vote President
151,25,1,0,1,2,21131ABSENTEE MACHINE
94,15,0,0,0,0,21131ABSENTEE PAPER
264,74,9,1,2,4,21133A101
262,98,10,0,4,6,21133A102
365,55,13,0,1,2,21133A103
94,20,3,0,1,2,21133A104
106,13,0,0,2,0,21133A105
293,24,6,0,0,0,21133A106
152,17,3,0,0,2,21133A107
220,22,3,0,0,0,21133A108
542,88,9,0,2,2,21133B101
400,50,12,0,4,0,21133B102
303,59,14,0,1,1,21133B103
132,45,7,0,1,2,21133C101
153,28,5,0,1,0,21133C102
383,86,4,0,1,0,21133C103
190,43,9,0,1,3,21133C104
237,39,4,0,0,3,21133C105
178,18,1,0,0,1,21133C106
259,48,6,0,2,4,21133C107
285,110,13,0,2,3,21133D102
181,35,6,0,1,1,21133D103
213,38,7,0,0,1,21133D104
263,17,10,0,3,1,21133D105
155,37,7,2,0,1,21133D106
280,71,5,0,2,2,21133D107
197,62,6,0,1,1,21133E101
92,41,3,0,0,0,21133E102
314,73,6,0,1,1,21133E103
118,34,3,0,1,0,21133E104
234,65,11,0,1,1,21133E105
68,25,2,0,1,1,21133E106
0,0,0,0,0,0,21133Early Vote President
268,57,7,0,1,3,21133ABSENTEE MACHINE
92,50,6,0,0,1,21133ABSENTEE PAPER
321,125,15,1,5,6,21137A101
620,181,26,2,1,6,21137A102
403,144,10,0,1,2,21137A103
183,93,6,0,0,1,21137A104
402,104,8,0,1,6,21137B101
353,86,7,1,1,9,21137B102
330,66,18,0,0,5,21137B103
547,121,18,0,4,7,21137B104
476,84,10,0,5,7,21137C101
356,49,9,0,4,4,21137C102
259,68,11,1,2,4,21137C103
662,141,27,1,6,7,21137C104
293,70,9,0,4,3,21137D101
256,67,3,0,1,0,21137D102
845,158,24,0,2,7,21137D103
255,58,7,0,1,2,21137D105
188,41,4,0,1,2,21137D106
0,0,0,0,0,0,21137Early Vote President
457,145,13,0,4,2,21137ABSENTEE MACHINE
132,64,1,0,1,2,21137ABSENTEE PAPER
187,67,7,0,3,6,21139AB
804,183,39,1,6,7,21139A101
207,54,4,0,3,5,21139B101
403,129,11,0,4,2,21139B102
307,104,10,0,4,5,21139B103
140,21,1,0,0,1,21139C101
467,81,14,0,0,4,21139C102
99,15,7,0,3,1,21139C103
326,93,6,0,0,4,21139D101
312,67,6,0,1,7,21139D102
318,73,10,0,0,4,21139D103
324,129,11,0,2,5,21141AB
229,136,6,0,0,4,21141A101
732,189,22,0,3,6,21141A104
220,123,16,1,1,2,21141A105
290,113,2,0,2,0,21141B101
360,153,3,0,3,3,21141B102
300,131,9,0,1,8,21141B103
235,132,9,0,3,3,21141B104
420,103,12,0,3,2,21141C101
281,81,7,0,0,5,21141C102
250,115,11,0,1,3,21141C103
318,59,6,0,2,4,21141C104
460,85,15,1,1,8,21141D101
636,130,10,0,7,4,21141D102
347,49,9,0,0,2,21141D103
240,52,13,0,0,2,21141E101
628,222,16,0,5,12,21141E102
483,128,16,1,2,7,21141E103
124,217,4,0,3,2,21141F101
632,190,21,0,3,8,21141F102
269,218,11,0,1,1,21141F103
235,113,8,0,1,5,21143AB
422,145,6,0,2,3,21143A101
458,151,19,0,3,5,21143A102
373,139,9,0,2,7,21143B101
482,141,8,0,1,4,21143B102
378,178,11,2,3,9,21143C101
441,178,13,0,3,3,21143C102
1241,588,48,0,5,25,21145AB
84,202,17,0,5,3,21145A102A
87,177,7,0,2,2,21145A104A
139,137,4,0,2,2,21145A106A
520,148,13,0,2,3,21145A110
629,204,25,0,2,7,21145A112
916,228,27,0,13,14,21145A113
429,130,18,0,3,5,21145A114
270,136,13,0,4,2,21145A115
605,274,31,1,11,7,21145A116
54,15,1,0,1,0,21145A117
742,186,35,0,9,11,21145A118
47,154,4,1,4,0,21145A119A
394,106,16,0,2,3,21145A120
288,56,10,0,2,2,21145A121
560,186,17,1,8,2,21145A122
355,105,15,0,5,2,21145A124
101,147,9,0,1,2,21145A133A
174,215,18,0,5,7,21145B103A
243,352,19,1,6,2,21145B113A
159,134,7,0,4,1,21145B114A
176,221,7,0,8,5,21145B116A
561,127,19,0,3,4,21145B117
174,182,6,1,6,3,21145B118A
306,55,8,0,3,4,21145B119
413,143,16,1,6,8,21145B120
410,103,10,0,5,11,21145B121
314,59,3,0,0,7,21145B122
359,189,13,0,9,5,21145B123
472,104,18,0,1,3,21145B124
628,129,13,0,5,12,21145B125
353,136,17,1,3,8,21145B126
431,103,16,0,1,6,21145B127
38,8,2,0,1,1,21145B129
233,270,24,0,10,5,21145B131A
279,150,11,0,1,11,21145B132A
480,163,21,0,5,3,21145B134
436,105,14,0,3,4,21145B135
89,340,9,0,6,4,21145C102A
112,45,2,0,2,1,21145C106
536,188,33,0,3,6,21145C107
778,177,18,0,1,6,21145C108
657,283,22,0,2,14,21145C109
894,243,21,0,5,18,21145C110
711,184,18,1,4,3,21145C112
574,169,17,0,5,10,21145C113
392,76,9,0,3,4,21145C114
203,50,5,0,1,3,21145C115
136,150,18,1,1,5,21145C119A
161,221,14,0,2,3,21145C120A
199,172,20,0,3,10,21145C121A
314,130,10,0,0,7,21145C122A
457,225,22,0,5,16,21145C123A
129,239,14,1,3,2,21145C125A
332,115,15,0,5,6,21145C128
397,52,5,0,1,3,21147AB
387,79,3,0,1,1,21147A101
400,56,0,0,1,2,21147A102
284,30,2,0,0,1,21147A104
96,11,0,0,0,0,21147A105
746,84,9,0,1,1,21147B101
267,32,3,0,3,1,21147B102
183,16,7,1,0,0,21147B104
465,77,6,0,0,3,21147D101
148,24,4,0,1,1,21147D103
216,36,1,0,0,0,21147D104
172,15,0,0,0,1,21147D105
103,17,0,0,2,0,21147D106
193,28,4,0,3,0,21147F103
373,68,7,0,2,1,21147F104
210,16,6,0,1,1,21147F105
89,12,0,2,0,0,21147F106
203,6,1,0,1,1,21147F108
80,5,1,1,1,2,21147F109
175,102,6,0,3,3,21149AB
217,64,12,0,0,3,21149A101
511,125,14,0,2,6,21149A102
399,131,22,0,1,5,21149B101
352,134,18,0,0,2,21149B102
384,108,16,1,6,7,21149C101
455,96,14,0,2,5,21149C102
466,114,18,0,0,4,21149D101
422,114,17,0,1,9,21149D102
1196,771,54,0,17,18,21151AB
542,146,24,1,3,6,21151A101
345,403,19,0,14,4,21151A102
221,425,27,1,21,14,21151A103
605,357,26,1,15,12,21151A104
416,345,29,1,16,12,21151A105
723,412,44,0,27,18,21151A106
621,216,12,0,7,12,21151A107
642,195,14,0,2,24,21151A108
981,238,29,0,9,15,21151A109
364,118,8,0,6,9,21151A110
537,413,52,0,19,22,21151B101
446,172,12,0,4,7,21151B102
581,330,30,1,9,18,21151B103
551,146,13,1,5,5,21151B104
708,524,49,1,11,23,21151B105
132,177,15,0,4,4,21151B106
570,461,58,1,23,22,21151B107
392,124,18,0,6,12,21151B108
676,234,26,1,5,14,21151B109
1171,474,49,2,5,35,21151B110
6,0,1,0,0,0,21151C101
254,76,8,1,0,6,21151C102
679,210,29,0,3,10,21151C103
312,56,8,0,2,2,21151C104
511,115,13,0,3,14,21151C105
521,105,12,0,4,5,21151C106
814,307,24,0,8,5,21151C107
222,71,8,1,0,2,21151C108
565,327,32,2,6,28,21151C109
557,490,37,0,11,11,21151C110
557,416,42,0,12,18,21151C112
264,228,19,0,6,10,21151C113
163,173,19,0,4,5,21151C114
298,68,8,0,3,2,21151D101
439,172,11,0,2,7,21151D102
583,197,24,0,8,21,21151D103
80,38,0,0,1,0,21151D104
538,263,38,2,6,17,21151D105
1375,357,58,0,8,22,21151D106
2,3,1,0,1,0,21151D107
609,393,68,0,12,18,21151D109
131,244,27,0,12,6,21151D110
584,322,33,0,8,13,21151D111
581,291,38,0,2,14,21151D112
366,190,23,1,3,10,21151D113
269,92,3,0,1,1,21153A101
318,118,5,0,1,1,21153A102
198,55,4,0,1,2,21153A103
382,121,7,0,1,3,21153A104
337,94,7,0,1,4,21153B101
289,89,5,0,2,0,21153B102
174,20,2,0,0,1,21153B103
199,73,4,1,0,1,21153B104
140,54,1,0,0,0,21153B105
185,65,4,1,0,6,21153C101
218,34,3,1,1,1,21153C102
220,55,3,0,1,1,21153C103
262,75,9,0,2,7,21153C104
289,61,4,0,3,3,21153C105
0,0,0,0,0,0,21153Early Vote President
248,114,5,0,2,3,21153ABSENTEE MACHINE
96,52,0,0,1,0,21153ABSENTEE PAPER
231,234,13,0,4,2,21155AB
286,93,6,0,2,1,21155A101
275,84,7,0,3,5,21155A102
361,95,11,0,1,5,21155A103
171,148,10,0,1,0,21155A104
386,371,25,0,3,13,21155C102
209,120,14,0,1,0,21155C103
174,53,9,0,2,2,21155C105
434,191,17,0,3,5,21155D102
372,138,17,0,0,1,21155D103
166,145,7,0,3,3,21155D104
247,99,9,0,1,5,21155E101
335,192,9,0,1,4,21155E102
452,200,24,0,3,1,21155E103
364,189,16,1,2,4,21155H101
247,102,8,0,2,3,21155H102
168,92,7,0,1,2,21155H103
244,133,6,0,0,3,21155H104
693,221,31,1,3,10,21157AB
485,164,19,0,1,16,21157A101
555,208,19,0,7,8,21157A102
469,213,17,1,3,8,21157A103
435,77,9,0,3,1,21157A104
373,141,23,0,3,11,21157A105
329,70,5,0,1,4,21157A106
722,214,39,1,10,7,21157A107
406,100,18,0,5,5,21157A108
367,109,7,0,2,2,21157B101
707,160,22,0,4,8,21157B102
268,89,13,0,4,4,21157B103
269,113,6,1,4,7,21157B104
583,116,16,0,7,6,21157B105
587,164,20,0,4,6,21157B106
530,171,9,0,3,8,21157B107
315,94,7,1,3,2,21157B108
362,115,12,0,2,5,21157B109
638,153,22,0,7,11,21157C101
306,88,3,0,2,4,21157C102
520,166,18,1,2,8,21157C103
926,216,27,2,1,13,21157C104
595,189,21,0,0,10,21157C105
322,106,17,1,1,4,21157C106
216,66,5,0,0,3,21157C107
344,149,21,1,2,3,21157C108
293,29,3,0,3,1,21159A101
138,18,2,0,1,0,21159A102
205,13,3,0,0,0,21159A103
124,11,5,0,1,1,21159B101
348,24,4,1,2,1,21159B102
227,23,2,0,0,3,21159B103
413,44,5,0,1,2,21159C101
262,30,6,0,0,6,21159C102
150,19,2,0,2,0,21159D101
208,25,3,0,0,1,21159D102
251,10,3,0,0,0,21159D103
79,3,3,1,0,0,21159D104
183,31,2,0,1,2,21159E101
283,39,5,0,1,3,21159E102
0,0,0,0,0,0,21159Early Vote President
250,22,3,0,0,0,21159ABSENTEE MACHINE
89,22,1,0,1,0,21159ABSENTEE PAPER
327,172,11,0,3,4,21161AB
135,103,8,1,2,3,21161A101
30,85,3,0,1,0,21161A102
297,211,16,1,7,4,21161A103
218,191,11,1,10,8,21161A104
273,78,9,1,1,7,21161A105
150,35,5,0,1,0,21161B102
131,33,0,0,0,1,21161B103
254,75,6,0,1,2,21161B104
179,27,3,0,0,4,21161B105
332,118,10,0,1,2,21161B106
520,156,20,0,1,11,21161B107
514,189,23,0,3,9,21161B108
500,254,22,0,2,11,21161C102
371,84,8,0,1,12,21161C103
264,60,9,0,2,3,21161C104
449,99,9,0,2,6,21161C105
471,206,25,0,5,11,21163AB
402,141,19,0,5,6,21163A101
336,136,12,0,11,7,21163A102
580,204,18,0,2,6,21163B101
594,289,20,1,5,4,21163B102
389,81,11,0,8,7,21163B103
495,156,23,0,3,7,21163C101
513,129,17,0,4,3,21163C102
450,126,14,0,6,1,21163C103
484,217,18,0,4,9,21163D101
525,182,17,1,5,4,21163D102
352,180,23,0,6,7,21163D103
458,160,15,0,6,4,21163E101
473,145,20,1,4,1,21163E102
555,138,17,0,3,8,21163E103
326,113,17,3,8,4,21163F101
215,94,6,0,1,4,21163F102
409,121,12,0,5,5,21163F103
275,83,12,0,2,4,21163F104
358,125,17,0,4,5,21163F105
203,69,5,0,0,1,21165A101
170,52,1,0,0,1,21165A102
460,153,9,0,8,4,21165B101
332,120,5,0,2,3,21165C101
310,97,9,0,2,0,21165D101
309,97,10,1,2,2,21165E101
0,0,0,0,0,0,21165Early Vote President
134,55,3,0,0,1,21165ABSENTEE MACHINE
92,57,1,0,0,0,21165ABSENTEE PAPER
197,86,3,1,1,0,21169AB
444,159,11,0,5,9,21169A101
398,139,13,0,3,8,21169A102
524,95,18,1,0,7,21169A103
183,67,5,1,4,0,21169A104
197,76,2,0,0,4,21169B101
80,11,0,0,0,1,21169B102
246,43,5,0,0,6,21169B103
198,71,8,0,1,0,21169B104
346,87,5,0,1,3,21169C101
162,42,0,0,1,2,21169C102
347,74,8,0,1,0,21169D101
169,26,8,0,5,1,21169D102
270,31,11,0,2,0,21171AB
138,17,3,0,0,1,21171A101
539,53,11,0,5,3,21171A102
105,20,2,0,0,0,21171A103
464,43,7,0,2,4,21171B101
249,80,2,0,0,2,21171B102
440,41,11,0,0,0,21171C101
204,28,2,0,1,1,21171C102
330,57,4,0,0,2,21171C103
358,40,4,0,1,0,21171D101
431,74,4,0,0,2,21171D102
326,66,8,0,2,5,21171E101
424,51,7,0,0,3,21171E102
353,186,8,1,1,6,21173AB
185,104,10,0,2,7,21173A101
262,148,13,0,2,7,21173A102
361,193,22,0,5,8,21173A103
354,158,14,1,0,7,21173A104
51,150,3,0,2,1,21173A105
364,198,17,0,3,1,21173A106
531,152,9,1,6,4,21173B101
596,155,18,1,3,5,21173B102
417,152,18,0,5,3,21173B103
485,217,12,0,4,4,21173B104
479,165,11,1,3,5,21173B105
570,157,16,0,3,3,21173B107
520,189,16,0,2,8,21173B108
324,91,12,0,0,1,21173C101
598,195,14,1,8,9,21173C102
682,230,26,1,12,5,21173C103
483,207,14,0,3,6,21173C104
241,111,11,0,4,1,21173C105
550,280,19,0,4,5,21177AB
77,72,5,0,0,0,21177A101
195,143,6,0,5,5,21177A102
196,68,2,0,0,1,21177A103
199,99,9,0,1,5,21177A104
233,88,4,1,0,0,21177A106
273,102,6,0,1,1,21177A107
262,147,4,0,4,3,21177B101
419,103,5,0,2,5,21177B102
348,80,5,1,1,5,21177B103
594,197,16,0,2,0,21177B104
220,64,5,0,0,5,21177B105
657,192,9,1,2,7,21177C101
294,123,7,1,2,1,21177C103
463,157,11,0,0,5,21177C104
500,147,17,1,1,6,21177C106
576,198,12,0,2,10,21177D101
307,87,8,0,0,2,21177D102
616,177,21,0,1,10,21177D103
349,84,3,0,0,0,21177D104
184,87,8,0,3,3,21177E101
117,124,7,1,3,2,21177E102
682,180,20,0,0,7,21177E103
455,150,6,1,5,8,21177E104
455,94,9,0,4,9,21177E105
172,29,6,1,1,2,21177E107
638,447,21,1,4,14,21179AB
95,25,3,0,0,1,21179A101
765,296,22,0,3,5,21179A102
332,334,20,1,7,3,21179A103
489,178,23,1,5,10,21179A104
673,301,27,0,6,16,21179A105
860,299,45,0,8,11,21179B101
277,273,16,0,8,3,21179B102
706,251,18,1,3,6,21179B103
684,312,31,0,8,11,21179B104
377,268,20,0,5,4,21179C101
413,318,19,0,4,9,21179C102
518,246,22,1,6,7,21179C103
323,255,24,0,3,8,21179C104
556,188,21,1,3,16,21179C105
488,152,19,2,3,5,21179D101
896,336,47,0,5,12,21179D102
612,311,22,0,3,8,21179D103
525,180,19,1,8,7,21179D104
697,321,32,0,6,12,21179D105
408,145,5,1,5,3,21179E101
742,326,34,1,7,10,21179E102
526,204,20,0,8,11,21179E103
538,100,6,0,2,2,21179E104
292,368,29,0,11,7,21179E105
140,91,4,0,2,3,21181AB
319,109,12,0,1,2,21181A101
370,145,11,0,3,2,21181B101
395,115,9,1,1,1,21181C101
344,192,21,1,2,9,21181D101
389,135,8,1,0,2,21181E101
391,151,6,0,1,6,21183AB
412,125,14,0,4,6,21183A101
317,94,11,0,2,5,21183A102
234,50,5,0,1,1,21183A104
444,121,22,0,3,3,21183A105
390,151,11,0,4,9,21183B101
681,193,15,0,4,8,21183B102
314,74,4,0,2,1,21183B103
232,79,6,0,1,1,21183C101
412,103,13,0,2,6,21183C102
582,167,13,0,6,11,21183C103
477,106,17,0,1,8,21183C104
428,103,17,0,9,8,21183D101
533,132,17,0,11,8,21183D102
279,67,6,0,1,4,21183D104
189,55,8,0,1,5,21183D106
610,127,7,0,2,2,21183E101
440,57,8,0,2,6,21183E102
386,80,3,0,6,3,21183E103
191,45,4,0,1,4,21183E105
1298,772,74,0,13,33,21185AB
719,475,37,0,1,22,21185A101
749,421,48,0,5,16,21185A103
681,447,78,0,11,25,21185A104
273,179,15,0,7,0,21185B101
672,367,42,0,8,11,21185B102
364,180,24,0,2,22,21185B104
857,368,36,1,20,24,21185B105
378,290,48,0,7,9,21185B106
448,158,15,0,4,6,21185C101
698,239,25,1,5,8,21185C102
453,224,32,1,10,11,21185C103
459,174,20,2,8,13,21185C105
303,142,24,1,4,11,21185C106
586,323,36,0,4,15,21185D101
725,211,23,0,4,20,21185D103
389,127,21,0,2,9,21185D104
517,237,50,2,15,16,21185D106
667,234,33,0,8,9,21185E101
873,403,59,0,11,26,21185E102
415,205,37,0,11,14,21185E103
200,140,15,0,4,2,21185E104
484,238,26,0,4,13,21185E105
141,57,12,0,3,3,21185E106
322,175,19,1,1,5,21185F101
555,232,28,0,5,13,21185F102
482,274,32,1,6,11,21185F103
388,156,19,0,7,8,21185F104
711,306,42,0,9,26,21185F105
119,50,8,0,3,4,21185F106
695,364,31,1,7,25,21185G101
771,399,46,0,16,26,21185G102
538,360,39,0,14,39,21185G103
224,103,9,0,3,12,21185G105
727,445,53,2,12,31,21185H101
529,282,21,2,12,18,21185H103
441,234,29,0,6,10,21185H104
311,166,15,0,4,16,21185H105
307,111,8,0,6,8,21185H106
227,89,2,0,2,2,21187AB
169,42,4,0,0,0,21187A101
286,58,8,1,4,6,21187A103
105,13,8,0,0,0,21187A104
355,105,9,0,2,3,21187A105
481,108,21,0,0,7,21187B102
393,133,12,0,2,4,21187B103
323,76,16,1,2,3,21187C101
249,64,9,0,3,2,21187C103
292,78,9,0,2,2,21187C104
324,126,7,0,2,5,21187D101
296,94,9,0,5,2,21187D102
245,76,8,0,1,7,21187D103
240,27,2,0,1,0,21191A101
422,101,14,0,0,3,21191A102
334,60,6,0,1,7,21191A103
456,129,22,0,1,4,21191B101
452,105,21,0,6,7,21191B102
381,88,20,0,5,11,21191B103
329,65,6,0,1,5,21191C101
359,109,12,0,3,3,21191C102
248,40,5,0,1,2,21191C103
444,138,13,0,4,8,21191D101
267,68,8,1,0,5,21191D102
342,100,7,0,3,7,21191D103
0,0,0,0,0,0,21191Early Vote President
247,66,5,0,1,3,21191ABSENTEE MACHINE
83,68,4,0,0,1,21191ABSENTEE PAPER
404,158,11,1,3,7,21193AB
233,52,2,0,2,0,21193A101
232,40,4,0,0,0,21193A102
240,22,1,0,0,0,21193A103
81,11,3,0,1,1,21193A104
279,26,11,0,0,0,21193A105
176,46,6,0,1,0,21193A107
92,26,1,0,0,1,21193A108
305,103,6,1,0,0,21193A109
209,52,5,0,3,2,21193A110
76,39,2,0,2,1,21193A111
294,89,9,0,2,3,21193A112
248,59,4,0,2,0,21193A113
401,86,6,0,1,2,21193A114
238,72,3,0,1,1,21193B101
178,49,1,0,1,2,21193B102
212,67,8,0,0,2,21193B103
131,59,2,0,3,0,21193B104
292,89,8,1,1,5,21193B105
307,44,5,0,1,2,21193B106
123,36,2,0,1,1,21193B107
87,42,3,0,0,2,21193B108
121,63,4,0,3,2,21193B109
198,110,8,0,1,2,21193B110
111,57,2,0,1,0,21193B111
111,47,2,0,1,1,21193B112
196,50,7,0,0,2,21193B113
260,56,5,0,5,0,21193C102
209,58,3,0,1,1,21193C103
239,87,5,0,4,1,21193C104
192,57,6,1,0,2,21193C105
224,46,8,0,0,1,21193C106
335,63,8,1,1,5,21193C107
165,30,2,0,0,3,21193C108
216,26,1,0,2,0,21193C109
268,20,1,0,0,0,21193C110
158,31,3,0,0,3,21193C111
317,68,0,1,3,2,21193C114
780,267,29,0,6,6,21195AB
186,86,3,0,0,3,21195A101
363,95,12,0,0,3,21195A102
370,98,11,0,3,4,21195A103
609,176,17,0,0,5,21195A104
195,117,9,1,3,5,21195A105
628,169,15,0,0,5,21195A106
353,102,11,0,7,3,21195A107
400,77,7,0,3,4,21195A108
217,25,7,0,1,1,21195A109
348,43,9,0,0,3,21195A110
502,100,16,1,0,3,21195B101
655,141,17,0,4,1,21195B102
538,82,5,0,5,0,21195B103
343,80,10,0,1,3,21195B104
532,82,0,1,2,4,21195B105
398,75,5,0,3,0,21195B106
322,77,9,0,1,3,21195B107
256,49,2,0,2,2,21195C101
136,72,5,0,0,0,21195C102
349,144,4,0,0,1,21195C103
143,37,4,0,0,4,21195C104
318,72,11,0,0,5,21195C105
152,28,1,1,1,1,21195C106
145,27,1,0,0,1,21195C107
282,81,12,3,1,0,21195C108
241,50,2,0,1,0,21195C109
96,38,5,0,0,1,21195C110
515,96,17,1,1,4,21195C111
142,13,3,0,1,0,21195C112
531,111,8,0,4,2,21195D101
382,53,5,0,5,1,21195D102
360,85,15,2,4,1,21195D103
205,23,3,0,1,0,21195D104
261,21,7,0,2,3,21195D105
275,48,4,0,0,1,21195D106
151,21,3,0,0,0,21195D107
237,45,1,0,0,1,21195D108
114,19,2,0,0,0,21195D109
166,47,7,1,2,3,21195D110
460,109,7,0,1,2,21195D111
357,57,1,0,0,2,21195E101
286,38,3,0,0,2,21195E102
626,102,8,0,1,1,21195E103
282,49,3,0,0,0,21195E104
322,85,0,0,0,0,21195E105
252,57,4,0,0,1,21195E106
497,78,11,0,6,7,21195E107
172,16,1,0,0,0,21195E108
201,46,9,0,0,2,21195E109
220,33,7,0,2,1,21195F101
232,37,6,0,0,2,21195F102
288,61,2,0,3,0,21195F103
701,132,9,1,3,4,21195F104
387,76,5,1,3,2,21195F105
328,69,6,0,0,0,21195F106
284,48,6,0,0,2,21195F107
649,112,9,0,3,8,21195F108
1473,389,44,0,4,16,21199AB
160,46,3,0,1,2,21199A101
659,106,10,1,0,7,21199A102
763,111,10,0,4,4,21199A103
224,28,8,0,0,2,21199A104
164,68,7,0,0,4,21199A105
1081,199,27,0,5,17,21199A106
925,168,27,0,6,11,21199A108
287,30,4,0,2,3,21199A110
106,11,0,0,0,0,21199A111
178,22,1,0,1,2,21199A112
319,30,11,1,3,4,21199B101
134,9,0,0,0,3,21199B102
246,20,1,1,0,1,21199B103
256,45,4,0,2,1,21199B104
531,67,14,2,1,6,21199B105
439,59,12,0,3,2,21199B106
193,89,11,0,1,3,21199B107
240,69,5,0,0,3,21199B108
387,31,3,0,4,1,21199B109
595,73,10,0,1,4,21199B110
308,48,4,0,0,3,21199B111
349,50,5,1,1,4,21199B112
175,21,2,0,0,4,21199B113
164,47,6,0,0,4,21199C101
677,135,17,1,5,1,21199C102
356,138,21,0,3,7,21199C103
665,197,21,0,7,10,21199C104
781,82,18,0,5,7,21199C105
654,76,17,0,2,3,21199C106
845,102,18,0,2,7,21199C110
216,38,7,0,5,2,21199C111
149,9,2,0,0,0,21199C112
70,14,0,0,1,2,21199C113
235,93,10,1,1,3,21199D101
237,36,3,0,1,1,21199D102
291,32,7,1,2,1,21199D103
438,38,13,1,3,4,21199D104
465,110,11,1,2,3,21199D105
385,30,6,0,2,0,21199D106
157,22,0,0,1,3,21199D107
293,53,4,0,2,4,21199D108
371,57,11,1,0,0,21199D109
726,94,19,3,6,10,21199D110
241,63,5,0,3,5,21199D111
137,47,7,0,0,2,21199D113
175,71,11,0,4,1,21199D115
223,53,3,0,3,1,21199E101
853,153,23,2,12,8,21199E103
375,100,14,0,3,2,21199E104
619,130,17,0,1,9,21199E105
117,29,4,0,0,1,21199E107
552,108,10,1,5,2,21199E108
243,35,3,0,1,0,21199E109
97,36,4,0,0,1,21199E110
636,152,16,0,4,3,21199E111
265,39,11,1,2,4,21199E112
720,124,13,0,3,9,21203A101
343,44,8,0,2,3,21203A102
346,51,3,0,0,1,21203B101
534,87,6,0,2,1,21203B102
622,75,8,0,6,7,21203C101
549,75,6,1,1,2,21203C102
175,7,2,0,1,1,21203C103
590,123,16,0,1,11,21203D101
325,56,8,0,1,0,21203D102
94,22,2,0,4,0,21203D103
334,60,5,0,0,5,21203E101
303,38,1,0,0,7,21203E102
224,27,0,0,2,1,21203E103
61,16,1,0,0,0,21203E104
123,29,0,0,0,1,21203E105
0,0,0,0,0,0,21203Early Vote President
150,45,4,0,0,1,21203ABSENTEE MACHINE
116,36,4,1,2,0,21203ABSENTEE PAPER
334,234,11,3,3,4,21205AB
82,166,12,0,4,2,21205A101
425,190,15,3,7,2,21205A102
36,89,4,0,2,3,21205A103
78,91,4,0,3,0,21205A105
505,269,14,3,7,9,21205A106
175,83,8,0,0,3,21205B102
305,295,14,0,6,6,21205B104
368,268,23,1,10,8,21205B105
680,308,17,0,6,8,21205B106
433,228,17,0,2,2,21205C101
177,116,9,0,2,3,21205C102
75,100,6,0,4,2,21205C103
213,96,9,1,7,4,21205C104
259,165,11,1,5,1,21205C106
83,80,5,1,4,2,21205D101
330,161,10,0,1,2,21205D102
426,216,11,0,4,6,21205D103
190,140,7,0,8,1,21205D104
489,117,9,0,1,6,21207AB
359,94,7,0,2,2,21207A101
358,87,11,0,0,4,21207A102
494,54,9,0,0,2,21207A103
368,51,10,0,0,0,21207B101
318,50,9,1,0,1,21207B102
542,68,12,0,1,0,21207B103
533,75,8,0,1,2,21207C101
302,65,1,1,0,1,21207C102
432,44,9,0,1,5,21207C103
201,29,3,0,0,0,21207C104
454,59,18,0,1,7,21207D101
465,53,9,1,1,3,21207D102
394,40,10,0,1,4,21207D103
582,103,18,0,4,5,21207E101
265,53,5,0,0,0,21207E102
307,51,5,0,1,6,21207E103
803,497,34,0,6,25,21209AB
420,128,19,0,6,6,21209A100
293,65,12,0,1,11,21209A102
245,93,10,0,1,2,21209A104
565,251,28,0,5,18,21209A106
341,127,22,0,0,8,21209A110
260,62,10,1,3,6,21209A112
47,26,2,0,0,0,21209A114
220,148,11,0,4,10,21209A116
399,216,32,1,6,22,21209B101
370,123,14,1,2,4,21209B103
318,122,8,2,4,3,21209B105
181,125,12,0,4,7,21209B109
369,98,13,0,4,5,21209B111
331,154,35,1,7,5,21209B113
420,156,21,0,1,13,21209C108
276,152,10,1,2,14,21209C110
403,208,32,0,3,13,21209C112
244,161,7,0,1,3,21209C114
426,197,25,0,0,13,21209C116
449,252,35,0,8,13,21209C118
451,206,24,3,2,6,21209D111
755,278,42,0,2,14,21209D113
323,172,12,0,2,1,21209D115
399,227,28,2,3,5,21209D119
337,131,16,0,1,4,21209D121
393,227,25,0,4,21,21209D123
205,103,11,0,1,4,21209E118
161,90,9,0,1,2,21209E120
123,246,11,2,1,3,21209E122
171,172,14,1,5,11,21209E124
232,160,18,1,3,5,21209E126
179,99,6,0,0,7,21209E128
431,210,24,0,6,9,21209F117
173,129,12,1,4,6,21209F119
333,185,16,1,7,12,21209F121
235,187,10,0,2,6,21209F123
107,87,9,0,6,2,21209F125
470,206,31,0,1,13,21209F127
307,158,26,0,0,15,21209F129
187,127,14,0,2,4,21209F131
174,140,14,1,3,5,21209G128
224,159,16,0,1,4,21209G130
425,233,28,0,7,10,21209G132
434,202,21,0,2,9,21209G134
443,218,24,0,5,23,21209G136
0,0,0,0,0,0,21209G138
679,400,37,0,12,21,21211AB
492,195,12,0,7,7,21211A101
242,259,18,1,7,3,21211A102
314,112,12,0,3,7,21211A103
348,103,17,1,2,8,21211A104
313,161,9,0,2,5,21211A105
486,146,19,0,1,6,21211B101
557,161,16,0,3,9,21211B102
194,82,5,0,1,3,21211B103
617,305,34,0,4,10,21211B104
392,156,11,1,3,14,21211B105
480,222,31,1,6,15,21211C101
417,146,22,0,3,14,21211C102
347,203,21,0,3,15,21211C103
422,161,21,0,3,12,21211C104
349,219,23,0,2,17,21211C105
300,95,15,0,4,2,21211D101
460,160,17,0,5,6,21211D102
334,205,23,0,6,16,21211D103
327,106,14,1,3,3,21211D104
363,164,16,0,1,13,21211D105
460,339,26,0,7,20,21211E101
391,153,15,1,6,5,21211E102
421,209,13,0,3,8,21211E103
280,104,6,0,1,9,21211E104
107,22,3,0,0,2,21211E105
524,217,21,0,2,16,21211F101
523,253,28,1,5,16,21211F102
304,129,20,1,6,16,21211F103
216,94,8,0,2,4,21211F104
482,117,13,0,4,8,21211F105
280,239,27,0,1,2,21211G101
202,139,19,0,7,3,21211G102
378,259,12,2,7,7,21211G103
195,241,25,0,6,2,21211G104
281,139,7,1,1,3,21213AB
587,138,29,0,0,4,21213A101
439,108,15,0,1,7,21213A102
282,131,12,0,8,0,21213A103
445,142,27,1,8,9,21213B101
160,136,9,0,2,2,21213B102
494,208,18,0,4,6,21213B103
225,88,3,1,1,2,21213C101
247,117,6,1,2,2,21213C103
927,303,30,1,3,12,21213C104
201,65,7,0,2,5,21213D101
296,101,12,0,1,8,21213D102
146,281,8,0,1,1,21213D103
347,187,17,0,4,4,21213D104
86,19,3,1,1,1,21215AB2
259,74,11,1,1,6,21215AB4
1189,354,30,0,12,14,21215A101
725,189,25,0,1,12,21215B101
652,165,24,0,4,13,21215B102
751,175,37,0,3,7,21215C101
994,298,30,0,5,24,21215C102
236,55,6,0,0,3,21215D101
384,89,8,0,3,1,21215D102
124,36,8,1,0,0,21215D103
86,30,3,0,0,1,21215D104
333,82,8,0,6,4,21215D105
20,7,1,0,0,0,21215D106
472,118,14,0,4,7,21215E101
480,116,20,0,2,11,21215E102
405,114,9,1,2,7,21215E103
535,166,6,0,3,9,21217AB
318,47,0,0,2,2,21217A101
319,79,12,1,0,11,21217A102
664,231,33,0,3,15,21217A104
424,95,7,0,2,5,21217B101
458,188,18,0,5,8,21217B102
75,100,1,0,2,0,21217B103
262,100,6,0,2,4,21217B104
165,22,1,0,1,2,21217C101
157,24,7,0,2,1,21217C103
267,115,2,0,0,2,21217C104
626,176,15,0,2,8,21217C105
163,17,2,0,0,2,21217D101
698,155,15,0,7,10,21217D102
453,165,23,0,5,19,21217D104
715,177,16,0,2,8,21217E101
280,123,15,1,6,5,21217E102
295,106,5,0,3,5,21217E103
344,62,6,1,2,3,21217F101
676,182,19,0,1,16,21217F102
426,223,24,0,3,7,21217F103
190,48,5,0,3,3,21219AB
253,31,6,0,1,0,21219A101
285,59,5,1,2,2,21219A102
220,35,3,0,2,0,21219A103
357,41,5,0,0,2,21219B101
284,41,5,0,1,1,21219B102
91,21,1,0,0,1,21219B103
81,12,0,0,0,0,21219B104
357,148,5,0,9,3,21219C101
329,88,8,0,2,8,21219C102
78,50,1,0,1,0,21219D101
628,195,10,1,2,5,21219D102
229,77,4,1,3,1,21219E101
230,196,6,0,0,1,21219E102
345,121,11,0,1,9,21221AB
565,206,13,1,5,5,21221A101
71,21,3,0,2,1,21221A102
329,63,8,0,1,5,21221B101
480,156,13,0,5,8,21221B102
550,235,14,0,5,6,21221C101
352,158,4,1,2,1,21221D101
28,5,0,0,0,1,21221D102
129,59,2,0,3,1,21221D103
295,104,11,2,4,2,21221E101
229,43,6,0,1,3,21221E102
143,41,1,0,2,0,21221E104
203,41,2,0,1,5,21221F101
575,124,15,1,5,6,21221F102
378,109,15,0,4,4,21221G101
256,101,3,0,4,2,21221G102
186,54,6,0,1,4,21223AB
191,66,5,0,1,0,21223A101
184,43,4,0,4,1,21223A102
295,85,9,0,2,1,21223A103
166,75,4,0,0,2,21223B101
278,93,12,0,2,4,21223B103
177,77,10,1,2,1,21223B104
145,64,6,0,1,3,21223C101
208,68,6,0,3,3,21223C103
312,80,10,0,3,4,21223C104
202,44,4,1,0,1,21223D101
191,45,8,0,0,3,21223D102
236,85,4,0,1,1,21223D103
276,95,5,0,4,8,21225AB
428,82,13,0,3,1,21225A101
217,129,6,0,5,8,21225A103
254,69,8,0,3,0,21225A104
320,66,8,0,0,1,21225B101
314,90,4,0,3,1,21225B102
172,89,6,0,2,0,21225B103
375,59,5,0,0,1,21225C101
236,64,5,0,1,1,21225C102
230,51,8,0,0,1,21225C103
159,16,4,0,0,0,21225C104
315,84,6,0,0,4,21225E102
321,55,3,0,0,0,21225E103
254,64,12,1,2,1,21225E104
376,131,6,1,0,4,21225F101
122,54,2,0,1,1,21225F102
332,133,14,0,5,1,21225F103
10,2,0,0,0,0,21229AB1
175,81,5,0,0,3,21229AB2
237,63,6,1,0,4,21229A101
400,42,8,1,4,2,21229A102
96,27,0,0,0,0,21229A103
334,42,6,0,1,3,21229B101
446,124,17,1,5,6,21229B102
154,25,3,0,2,2,21229C101
272,59,7,0,3,4,21229C102
170,43,3,0,0,0,21229C103
226,170,5,2,0,5,21229D101
189,180,11,2,0,6,21229D102
166,96,3,0,1,2,21229E101
385,158,9,0,0,5,21229E102
271,82,11,2,0,7,21229F101
482,226,17,0,1,11,21229F102
468,157,4,0,0,0,21231AB
223,77,9,0,0,1,21231A101
164,44,4,1,0,1,21231A102
449,106,6,0,5,5,21231A103
228,57,2,0,1,1,21231A106
156,51,5,0,0,0,21231A107
416,81,7,0,1,4,21231B101
271,41,1,0,3,1,21231B102
410,66,11,0,8,5,21231B103
327,36,3,0,4,0,21231B106
197,25,4,0,0,2,21231B109
347,51,4,1,0,1,21231D104
305,62,2,0,0,3,21231D105
267,96,7,0,1,3,21231D106
277,20,6,1,0,0,21231D107
223,83,8,0,1,1,21231D110
606,164,15,0,3,8,21231G101
106,27,5,0,0,0,21231G103
452,79,3,0,1,3,21231G104
478,108,10,0,2,2,21231G106
217,78,4,0,2,1,21233AB
500,104,6,0,2,4,21233A101
271,63,10,0,2,0,21233A102
396,75,9,0,2,6,21233A103
272,35,9,0,1,5,21233A104
177,40,7,0,0,2,21233A105
186,62,4,1,6,3,21233B101
415,96,15,0,2,3,21233B102
221,71,9,0,0,1,21233B103
206,55,3,0,0,1,21233B104
331,90,5,0,2,2,21233B105
390,201,11,0,0,2,21233C101
234,71,6,0,0,2,21233C102
275,125,11,0,1,0,21233C103
306,74,2,0,2,2,21233C104
644,147,21,1,3,9,21235AB
48,23,9,0,0,2,21235A101
408,53,12,0,0,1,21235A103
337,36,7,0,1,0,21235A104
234,25,0,0,1,3,21235A105
369,73,5,0,0,3,21235A106
212,50,4,0,0,1,21235A107
521,130,15,0,7,8,21235A109
232,19,1,0,1,2,21235A111
554,147,13,0,2,12,21235B101
139,26,3,0,1,0,21235B102
112,29,6,0,1,1,21235B104
408,90,9,0,3,4,21235B105
458,112,13,0,2,5,21235B106
495,89,6,0,2,4,21235B107
117,35,7,0,1,1,21235B108
126,43,9,0,0,2,21235B109
466,112,9,1,2,14,21235B110
104,10,1,0,0,0,21235C101
116,25,2,0,1,0,21235C102
50,2,0,0,0,1,21235C103
264,81,4,0,0,0,21235C104
124,23,2,0,0,0,21235C105
241,27,5,0,2,1,21235C106
338,55,5,2,0,3,21235C107
238,17,3,0,1,0,21235C108
106,36,4,0,0,3,21235C109
137,32,4,0,1,1,21235C110
238,33,4,0,1,1,21235C111
195,17,1,0,0,1,21235C112
114,25,3,0,0,0,21235C113
155,9,1,0,0,0,21235C114
640,71,11,0,0,5,21235D101
547,110,16,0,1,3,21235D102
683,100,15,0,2,8,21235D104
424,56,5,0,2,1,21235D105
718,99,7,0,3,3,21235D106
429,355,30,4,6,13,21239AB
345,225,20,0,4,10,21239A101
338,421,28,0,7,14,21239A102
288,168,17,0,5,5,21239B101
175,138,21,2,3,5,21239B102
157,182,12,3,1,2,21239B103
492,279,34,0,10,16,21239C101
430,248,33,0,5,9,21239C102
559,299,49,1,6,15,21239D101
385,240,31,1,5,10,21239D102
321,274,19,0,6,10,21239E101
246,265,13,0,5,12,21239E102
535,241,43,0,8,26,21239F101
549,319,49,0,5,23,21239F102
421,304,26,0,6,21,21239G101
413,224,31,0,4,15,21239G102
416,183,23,1,6,8,21239G103
352,155,15,0,5,7,21239H101
369,221,17,1,6,15,21239H102
477,217,18,0,14,10,21239H103
