Precinct,race,Dem,GOP
21001A102,1,18,188
21001A104,1,49,304
21001A105,1,44,253
21001AB,1,99,430
21001B102,1,148,415
21001B104,1,58,342
21001C102,1,81,341
21001C104,1,96,421
21001D101,1,33,310
21001D103,1,52,285
21001D104,1,91,257
21001E101,1,40,380
21001E104,1,129,471
21001F101,1,114,557
21001F103,1,72,315
21001G101,1,99,412
21001G102,1,120,532
21003A101,1,129,429
21003A102,1,96,510
21003AB,1,103,363
21003B101,1,95,542
21003B102,1,70,466
21003B103,1,45,232
21003C101,1,121,594
21003C102,1,112,719
21003D101,1,144,756
21003D102,1,67,314
21003D103,1,107,527
21003E101,1,46,224
21003E102,1,128,488
21003E103,1,48,326
21005A101,6,247,447
21005A102,6,182,564
21005AB,6,159,402
21005B101,6,211,541
21005B102,6,291,893
21005C101,6,217,585
21005C102,6,246,583
21005D101,6,143,611
21005D102,6,258,762
21005E101,6,320,1077
21005E103,6,151,541
21005F101,6,123,435
21005F102,6,97,299
21005F103,6,64,204
21005F104,6,168,527
21007A101,1,49,215
21007A102,1,164,459
21007A103,1,16,97
21007AB,1,31,117
21007B101,1,155,329
21007B102,1,27,119
21007C101,1,43,161
21007C102,1,62,189
21007C103,1,37,125
21007C104,1,69,193
21007D101,1,144,391
21007D102,1,53,184
21007E101,1,92,268
21007E102,1,45,184
21009A101,2,NA,504
21009A102,2,NA,320
21009A103,2,NA,578
21009A104,2,NA,157
21009AB,2,NA,825
21009B101,2,NA,742
21009B102,2,NA,605
21009B103,2,NA,319
21009B104,2,NA,582
21009C101,2,NA,359
21009C102,2,NA,549
21009C103,2,NA,489
21009C104,2,NA,593
21009D101,2,NA,570
21009D102,2,NA,890
21009D103,2,NA,644
21009E101,2,NA,474
21009E102,2,NA,397
21009E103,2,NA,594
21009E104,2,NA,640
21009F101,2,NA,448
21009F102,2,NA,593
21009F103,2,NA,793
21009G101,2,NA,728
21009G102,2,NA,388
21009G103,2,NA,541
21011A101,6,60,125
21011A102,6,94,130
21011A103,6,50,136
21011A104,6,41,109
21011A105,6,155,428
21011AB,6,111,215
21011B102,6,129,236
21011B103,6,192,467
21011B104,6,105,342
21011C101,6,130,290
21011C102,6,129,277
21011C103,6,102,157
21011C104,6,99,175
21013A101,5,NA,318
21013A102,5,NA,268
21013A103,5,NA,217
21013A104,5,NA,247
21013A105,5,NA,273
21013AB,5,NA,571
21013B101,5,NA,121
21013B102,5,NA,173
21013B103,5,NA,208
21013B104,5,NA,268
21013B105,5,NA,113
21013B106,5,NA,39
21013B107,5,NA,307
21013B108,5,NA,150
21013C101,5,NA,268
21013C102,5,NA,197
21013C103,5,NA,223
21013C104,5,NA,312
21013C105,5,NA,434
21013D101,5,NA,166
21013D102,5,NA,293
21013D103,5,NA,262
21013D104,5,NA,140
21013D105,5,NA,215
21013D106,5,NA,325
21013E101,5,NA,395
21013E102,5,NA,226
21013E103,5,NA,273
21013E104,5,NA,314
21013E105,5,NA,279
21013E106,5,NA,335
21015A102,4,76,343
21015A103,4,174,909
21015A104,4,155,813
21015A105,4,107,404
21015A106,4,90,383
21015A107,4,73,254
21015A108,4,204,782
21015A109,4,270,804
21015A110,4,107,444
21015A111,4,266,632
21015A112,4,148,511
21015A113,4,262,676
21015A114,4,267,1015
21015A115,4,247,836
21015A116,4,118,452
21015A117,4,256,970
21015A118,4,137,624
21015A119,4,83,277
21015A120,4,225,1005
21015A121,4,277,1115
21015A122,4,134,523
21015A123,4,247,786
21015AB,4,1242,3626
21015B114,4,125,628
21015B115,4,147,369
21015B116,4,173,521
21015B117,4,261,795
21015B118,4,130,315
21015B119,4,137,360
21015B120,4,150,546
21015B121,4,329,1179
21015B122,4,167,670
21015B123,4,319,1060
21015B124,4,220,828
21015B125,4,256,868
21015B126,4,129,673
21015B127,4,210,852
21015B128,4,165,672
21015B129,4,207,775
21015B130,4,388,1494
21015B131,4,268,777
21015B132,4,283,888
21015B133,4,255,833
21015B134,4,155,650
21015C102,4,236,742
21015C110,4,327,649
21015C117,4,159,557
21015C121,4,248,539
21015C123,4,131,256
21015C124,4,238,456
21015C125,4,113,288
21015C126,4,136,148
21015C127,4,181,391
21015C128,4,126,334
21015C129,4,166,384
21015C130,4,276,609
21015C131,4,279,472
21015C132,4,206,447
21015C133,4,91,233
21015C134,4,295,903
21015C135,4,204,504
21015C136,4,122,406
21015C137,4,247,731
21017AB,6,233,318
21017B101,6,149,453
21017B103,6,136,235
21017C101,6,100,311
21017C102,6,49,140
21017C103,6,201,280
21017D101,6,196,475
21017D103,6,115,283
21017E101,6,159,519
21017E103,6,167,363
21017F101,6,126,383
21017F102,6,144,455
21017F103,6,65,238
21017G101,6,166,483
21017G102,6,205,395
21017H101,6,171,473
21017H102,6,300,229
21019A101,4,236,248
21019A107,4,191,438
21019A108,5,NA,615
21019A109,5,NA,491
21019A110,4,186,224
21019A111,4,131,226
21019A113,4,106,280
21019A114A,4,59,64
21019A115,4,192,225
21019A116,4,138,220
21019A118,5,NA,612
21019A119,5,NA,317
21019A121,5,NA,304
21019A122,4,3,5
21019AB4,4,559,881
21019AB5,5,NA,254
21019B101A,4,146,183
21019B102A,4,178,213
21019B103A,4,150,187
21019B105,4,146,174
21019B106A,4,130,257
21019B107,4,105,189
21019B108,4,116,267
21019B109,4,157,272
21019B110,4,190,274
21019B114,4,162,216
21019B115,4,185,348
21019B116,4,138,212
21019B117,4,98,211
21019B118,4,101,207
21019B119,4,108,263
21019B121A,4,137,258
21019C102,5,NA,296
21019C103,5,NA,248
21019C104,4,125,341
21019C105,4,164,252
21019C106,4,147,261
21019C107,4,121,161
21019C108,4,138,226
21019C109A,4,89,131
21019C110,5,NA,3
21019C111,5,NA,90
21019C112,4,138,289
21019C113,4,154,335
21019C114,4,150,320
21019C115,4,210,398
21019C116,4,143,323
21019C117,4,99,260
21021A101,2,NA,398
21021A102,2,NA,466
21021A103,2,NA,234
21021A104,2,NA,443
21021A105,2,NA,129
21021AB,2,NA,586
21021B101,2,NA,173
21021B102,2,NA,361
21021B103,2,NA,617
21021B104,2,NA,403
21021C101,2,NA,378
21021C102,2,NA,395
21021C103,2,NA,182
21021C104,2,NA,241
21021D101,2,NA,500
21021D102,2,NA,541
21021D103,2,NA,522
21021E101,2,NA,338
21021E102,2,NA,303
21021E103,2,NA,182
21021E104,2,NA,244
21021F101,2,NA,289
21021F102,2,NA,350
21021F103,2,NA,471
21021F104,2,NA,325
21021F105,2,NA,258
21023A101,4,91,371
21023AB,4,99,220
21023B101,4,99,266
21023C101,4,90,259
21023D101,4,61,354
21023E101,4,82,294
21023F101,4,77,305
21023G101,4,78,301
21023H101,4,98,271
21025A101,5,NA,84
21025A102,5,NA,250
21025A103,5,NA,370
21025A104,5,NA,225
21025A105,5,NA,145
21025ABSENTEE MACHINE,5,NA,183
21025ABSENTEE PAPER,5,NA,67
21025B101,5,NA,153
21025B102,5,NA,200
21025B103,5,NA,229
21025B104,5,NA,161
21025B105,5,NA,90
21025C101,5,NA,256
21025C102,5,NA,112
21025C103,5,NA,263
21025C104,5,NA,186
21025C105,5,NA,117
21025D101,5,NA,70
21025D102,5,NA,188
21025D103,5,NA,236
21025D104,5,NA,134
21025D105,5,NA,53
21025D106,5,NA,148
21029A101,2,NA,115
21029A102,2,NA,416
21029A103,2,NA,472
21029A104,2,NA,409
21029A105,2,NA,797
21029A106,2,NA,829
21029A107,2,NA,865
21029A108,2,NA,335
21029A110,2,NA,66
21029A111,2,NA,536
21029A112,2,NA,816
21029A113,2,NA,555
21029AB,2,NA,1233
21029B101,2,NA,202
21029B102,2,NA,629
21029B103,2,NA,901
21029B104,2,NA,895
21029B108,2,NA,1105
21029B109,2,NA,970
21029B110,2,NA,803
21029B111,2,NA,755
21029B112,2,NA,356
21029B113,2,NA,720
21029B114,2,NA,706
21029C101,2,NA,560
21029C102,2,NA,477
21029C103,2,NA,684
21029C104,2,NA,479
21029C105,2,NA,411
21029C106,2,NA,445
21029C107,2,NA,762
21029C108,2,NA,605
21029C109,2,NA,633
21029C110,2,NA,600
21029C111,2,NA,186
21029C112,2,NA,361
21029C113,2,NA,350
21029D101,2,NA,244
21029D102,2,NA,521
21029D103,2,NA,553
21029D104,2,NA,332
21029D105,2,NA,865
21029D106,2,NA,641
21029D107,2,NA,844
21029D108,2,NA,496
21029D110,2,NA,772
21029D111,2,NA,417
21029D113,2,NA,358
21029D114,2,NA,215
21031A110,2,NA,275
21031A111,2,NA,377
21031AB,2,NA,292
21031B106,2,NA,478
21031B107,2,NA,596
21031C103,2,NA,16
21031C106,2,NA,571
21031C107,2,NA,394
21031D103,2,NA,239
21031D105,2,NA,270
21031D106,2,NA,276
21031E105,2,NA,496
21031E106,2,NA,438
21033A101,1,84,333
21033A102,1,49,271
21033A103,1,167,350
21033AB,1,96,260
21033B101,1,108,432
21033B102,1,91,303
21033B103,1,160,196
21033C101,1,111,396
21033C102,1,75,226
21033C103,1,141,364
21033D101,1,64,297
21033D102,1,54,168
21033D103,1,130,415
21033D104,1,112,332
21035A101,1,291,276
21035A102,1,150,124
21035A103,1,280,804
21035A104,1,95,324
21035A105,1,136,282
21035A106,1,113,361
21035AB,1,354,745
21035B101,1,188,261
21035B103,1,134,330
21035B104,1,80,298
21035B105,1,224,293
21035B107,1,121,320
21035B108,1,95,206
21035B109,1,311,278
21035C101,1,208,378
21035C102,1,257,817
21035C103,1,124,299
21035C104,1,96,345
21035C105,1,176,304
21035C106,1,175,294
21035C107,1,87,183
21035C108,1,126,326
21035C109,1,129,295
21035C110,1,55,165
21035D102,1,102,506
21035D103,1,124,324
21035D104,1,97,295
21035D105,1,248,778
21035D106,1,68,270
21035D108,1,293,304
21039A101,1,90,266
21039A102,1,88,280
21039AB,1,37,138
21039B101,1,99,522
21039B102,1,38,221
21039C101,1,82,285
21039C102,1,116,295
21041A101,4,80,226
21041A102,4,141,325
21041A103,4,141,215
21041AB,4,94,162
21041B101,4,98,141
21041B102,4,136,182
21041B103,4,95,175
21041B104,4,56,106
21041C101,4,18,77
21041C102,4,34,123
21041C103,4,103,245
21041C104,4,231,462
21043A101,5,NA,427
21043A102,5,NA,207
21043A103,5,NA,218
21043A104,5,NA,231
21043A105,5,NA,393
21043AB,5,NA,599
21043B101,5,NA,353
21043B102,5,NA,219
21043B103,5,NA,350
21043B104,5,NA,350
21043B105,5,NA,270
21043C101,5,NA,489
21043C102,5,NA,86
21043C103,5,NA,387
21043C104,5,NA,363
21043D101,5,NA,204
21043D102,5,NA,107
21043D103,5,NA,197
21043D104,5,NA,175
21043D105,5,NA,91
21043D106,5,NA,247
21043D107,5,NA,233
21043E101,5,NA,163
21043E102,5,NA,296
21043E103,5,NA,296
21043E104,5,NA,394
21043E105,5,NA,383
21045A101,1,49,416
21045A102,1,31,249
21045A103,1,47,405
21045A104,1,18,176
21045AB,1,71,394
21045B101,1,66,329
21045B102,1,73,693
21045B103,1,53,213
21045C101,1,77,292
21045C102,1,61,562
21045C103,1,25,274
21045C104,1,48,215
21045D101,1,35,465
21045D102,1,39,217
21045D103,1,49,441
21045D104,1,22,122
21047A101,1,124,42
21047A102,1,281,16
21047A103,1,460,28
21047A104,1,260,211
21047A105,1,190,73
21047AB,1,380,839
21047B101,1,426,306
21047B102,1,452,336
21047B103,1,119,458
21047B104,1,100,220
21047C101,1,141,189
21047C102,1,182,51
21047C103,1,141,213
21047C104,1,120,356
21047C105,1,192,859
21047C106,1,180,409
21047D101,1,165,375
21047D102,1,201,435
21047D103,1,128,385
21047D104,1,68,313
21047D105,1,61,173
21047D106,1,42,187
21047D107,1,256,509
21047E101,1,241,169
21047E102,1,238,379
21047E103,1,221,484
21047E104,1,171,277
21047E105,1,130,204
21047F101,1,25,134
21047F102,1,179,346
21047F103,1,27,146
21047F104,1,299,391
21047G101,1,97,370
21047G102,1,216,200
21047G103,1,136,221
21047G104,1,223,563
21047G105,1,79,154
21047G106,1,129,411
21047H101,1,133,395
21047H102,1,210,707
21047H103,1,238,418
21047H104,1,133,605
21049A101,6,231,778
21049A102,6,154,424
21049A103,6,192,472
21049A104,6,196,632
21049AB,6,242,570
21049B101,6,123,494
21049B102,6,217,609
21049B103,6,121,202
21049B104,6,107,409
21049B105,6,131,454
21049C101,6,156,553
21049C102,6,186,408
21049C103,6,175,640
21049C104,6,163,588
21049D101,6,56,102
21049D102,6,302,585
21049D103,6,137,431
21049D104,6,263,393
21049E101,6,109,302
21049E102,6,384,863
21049E103,6,103,278
21049F101,6,178,74
21049F102,6,82,152
21049F103,6,202,379
21049F104,6,168,50
21049F105,6,196,311
21049F106,6,110,232
21051A101,5,NA,265
21051A106,5,NA,361
21051A107,5,NA,136
21051ABSENTEE MACHINE,5,NA,208
21051ABSENTEE PAPER,5,NA,115
21051B101,5,NA,304
21051B103,5,NA,196
21051B104,5,NA,438
21051C101,5,NA,122
21051C102,5,NA,231
21051C103,5,NA,223
21051C104,5,NA,366
21051D102,5,NA,127
21051D103,5,NA,303
21051D104,5,NA,232
21051E101,5,NA,168
21051E102,5,NA,156
21051E103,5,NA,395
21051E104,5,NA,82
21051F101,5,NA,350
21051F102,5,NA,350
21051F104,5,NA,337
21053A101,1,34,230
21053A104,1,32,218
21053ABSENTEE MACHINE,1,46,389
21053ABSENTEE PAPER,1,18,165
21053B101,1,42,268
21053B102,1,16,244
21053C101,1,32,276
21053C102,1,22,173
21053C103,1,23,276
21053D101,1,24,236
21053D102,1,16,350
21053E101,1,28,243
21053E102,1,36,294
21053F101,1,25,174
21053F102,1,29,252
21055A101,1,51,248
21055A102,1,48,206
21055AB,1,36,161
21055B101,1,78,345
21055B102,1,54,236
21055C101,1,69,278
21055C102,1,29,95
21055D101,1,78,348
21055D102,1,26,116
21055E101,1,70,260
21055E102,1,73,345
21055F101,1,77,372
21055F102,1,41,169
21057A101,1,27,315
21057A102,1,34,368
21057AB,1,32,184
21057B101,1,24,160
21057B102,1,20,174
21057B103,1,14,266
21057C101,1,32,236
21057C102,1,49,217
21057C103,1,29,59
21057D101,1,35,337
21057D102,1,39,251
21059A101,2,NA,241
21059A102,2,NA,241
21059A103,2,NA,311
21059A104,2,NA,453
21059A105,2,NA,518
21059A106,2,NA,307
21059A107,2,NA,162
21059A108,2,NA,228
21059A109,2,NA,302
21059A110,2,NA,328
21059A111,2,NA,533
21059A112,2,NA,182
21059A113,2,NA,180
21059A114,2,NA,284
21059A115,2,NA,500
21059A116,2,NA,438
21059A118,2,NA,213
21059A119,2,NA,304
21059A120,2,NA,338
21059A121,2,NA,279
21059A122,2,NA,158
21059A123,2,NA,269
21059A124,2,NA,420
21059A125,2,NA,301
21059A126,2,NA,344
21059A127,2,NA,358
21059A128,2,NA,274
21059A129,2,NA,267
21059A130,2,NA,289
21059A131,2,NA,241
21059A132,2,NA,417
21059A133,2,NA,301
21059A134,2,NA,364
21059A135,2,NA,216
21059A136,2,NA,353
21059A137,2,NA,274
21059A138,2,NA,465
21059A139,2,NA,491
21059A140,2,NA,327
21059A141,2,NA,401
21059A142,2,NA,336
21059A143,2,NA,227
21059A144,2,NA,292
21059A145,2,NA,207
21059A146,2,NA,596
21059A147,2,NA,430
21059A148,2,NA,400
21059AB,2,NA,1885
21059B101,2,NA,376
21059B102,2,NA,911
21059B103,2,NA,374
21059B104,2,NA,545
21059C101,2,NA,917
21059C102,2,NA,357
21059D102,2,NA,428
21059D103,2,NA,251
21059E101,2,NA,403
21059E102,2,NA,521
21059E103,2,NA,538
21059E104,2,NA,120
21059F101,2,NA,529
21059F102,2,NA,804
21059F103,2,NA,555
21059F104,2,NA,391
21059G101,2,NA,338
21059G102,2,NA,359
21059G103,2,NA,364
21059G104,2,NA,438
21059G105,2,NA,242
21059H101,2,NA,291
21059H102,2,NA,636
21059H103,2,NA,597
21059H104,2,NA,463
21059H105,2,NA,459
21059H106,2,NA,160
21059H107,2,NA,494
21059H108,2,NA,288
21059H109,2,NA,375
21059H110,2,NA,281
21059H111,2,NA,573
21059H112,2,NA,607
21059H113,2,NA,335
21059H114,2,NA,302
21059H115,2,NA,931
21059H116,2,NA,112
21059H117,2,NA,1008
21061A101,2,NA,290
21061A102,2,NA,512
21061AB,2,NA,293
21061B101,2,NA,663
21061C101,2,NA,300
21061C102,2,NA,424
21061D101,2,NA,706
21061E101,2,NA,513
21061F101,2,NA,683
21065A101,6,35,148
21065A102,6,55,162
21065A103,6,50,130
21065A104,6,41,186
21065A105,6,56,187
21065A106,6,87,338
21065AB,6,97,265
21065B102,6,69,370
21065B103,6,67,192
21065B104,6,46,188
21065B105,6,158,484
21065B106,6,40,172
21065C103,6,105,482
21065C104,6,60,344
21065C105,6,50,258
21065C106,6,109,435
21067A101,6,157,183
21067A102,6,247,207
21067A103,6,163,256
21067A104,6,81,176
21067A106,6,157,98
21067A108,6,72,139
21067A109,6,433,31
21067A111,6,271,150
21067A113,6,224,201
21067A114,6,231,139
21067A115,6,494,38
21067A116,6,214,214
21067A117,6,371,119
21067A118,6,211,212
21067A120,6,248,20
21067A121,6,217,123
21067A123,6,233,223
21067A126,6,308,71
21067A128,6,316,250
21067A130,6,283,26
21067A131,6,197,147
21067A132,6,277,197
21067A133,6,297,86
21067A134,6,208,54
21067A135,6,335,118
21067A136,6,256,237
21067A138,6,296,366
21067A139,6,223,242
21067A140,6,208,168
21067A143,6,232,85
21067A144,6,417,67
21067A145,6,247,251
21067A146,6,326,182
21067A148,6,421,85
21067A149,6,270,57
21067A150,6,416,69
21067A151,6,185,185
21067A152,6,404,236
21067A155,6,445,62
21067A156,6,168,143
21067A157,6,237,345
21067A158,6,128,402
21067A161,6,410,85
21067A162,6,106,32
21067A163,6,271,104
21067A164,6,260,46
21067A165,6,118,148
21067A166,6,213,331
21067A167,6,173,206
21067A168,6,353,183
21067A169,6,249,157
21067A170,6,159,123
21067A171,6,216,253
21067A172,6,223,157
21067A173,6,247,173
21067A174,6,128,80
21067A175,6,64,98
21067A176,6,151,285
21067A177,6,204,92
21067A178,6,115,104
21067A179,6,287,17
21067A180,6,174,184
21067A181,6,262,245
21067A182,6,157,358
21067A183,6,224,196
21067A184,6,124,90
21067A185,6,276,187
21067A187,6,379,361
21067A188,6,172,298
21067A189,6,122,194
21067A190,6,203,270
21067A191,6,408,413
21067A192,6,225,276
21067A193,6,202,377
21067A194,6,227,215
21067A195,6,181,220
21067A196,6,203,177
21067A197,6,238,229
21067A198,6,189,175
21067A199,6,239,180
21067A200,6,416,309
21067A201,6,216,185
21067A203,6,3,0
21067A204,6,187,141
21067AB,6,3826,3667
21067B101,6,172,293
21067B102,6,325,258
21067B103,6,168,240
21067B104,6,199,212
21067B105,6,221,200
21067B106,6,205,274
21067B108,6,204,193
21067B110,6,220,208
21067B111,6,289,116
21067B112,6,196,181
21067B113,6,400,176
21067B114,6,189,215
21067B117,6,219,371
21067B118,6,247,217
21067B119,6,169,133
21067B120,6,116,169
21067B121,6,219,182
21067B123,6,131,344
21067B125,6,259,218
21067B127,6,237,272
21067B128,6,177,185
21067B129,6,144,239
21067B130,6,271,379
21067B132,6,243,132
21067B133,6,258,170
21067B135,6,327,232
21067B137,6,236,251
21067B138,6,289,180
21067B139,6,147,325
21067B140,6,255,223
21067B141,6,226,276
21067B142,6,144,189
21067B143,6,249,238
21067B146,6,237,280
21067B147,6,257,231
21067B150,6,165,291
21067B151,6,174,184
21067B152,6,176,358
21067B154,6,159,251
21067B155,6,296,205
21067B156,6,203,340
21067B157,6,180,155
21067B158,6,250,185
21067B159,6,201,281
21067B163,6,227,361
21067B164,6,165,199
21067B165,6,304,264
21067B166,6,175,265
21067B167,6,121,184
21067B168,6,239,218
21067B169,6,147,200
21067B170,6,158,219
21067B172,6,147,197
21067B174,6,246,65
21067B179,6,264,379
21067B181,6,290,395
21067B182,6,101,145
21067B183,6,174,217
21067B184,6,205,323
21067B185,6,197,450
21067B186,6,159,341
21067B187,6,160,344
21067B188,6,198,316
21067B189,6,256,185
21067B190,6,329,180
21067B191,6,172,250
21067B192,6,194,376
21067B195,6,322,190
21067B196,6,209,217
21067B197,6,215,174
21067B198,6,182,403
21067B199,6,192,276
21067B200,6,146,235
21067B201,6,115,322
21067B202,6,229,336
21067B203,6,175,390
21067B204,6,124,227
21067B205,6,206,448
21067B206,6,171,351
21067B207,6,235,322
21067B208,6,123,312
21067B209,6,165,356
21067B210,6,288,358
21067B211,6,285,223
21067B212,6,208,319
21067B213,6,119,181
21067B215,6,146,367
21067B216,6,181,319
21067B217,6,79,166
21067B218,6,175,337
21067B219,6,160,283
21067B221,6,145,299
21067B222,6,201,308
21067B223,6,183,325
21067B224,6,218,459
21067B225,6,216,305
21067B226,6,168,300
21067B227,6,184,284
21067B228,6,77,141
21067B229,6,233,188
21067B230,6,97,69
21067B231,6,337,476
21067B232,6,215,378
21067C102,6,117,118
21067C103,6,335,203
21067C105,6,421,164
21067C109,6,135,237
21067C113,6,308,255
21067C114,6,184,271
21067C115,6,218,89
21067C118,6,188,252
21067C120,6,274,249
21067C121,6,144,77
21067C124,6,319,211
21067C125,6,180,391
21067C126,6,227,191
21067C127,6,237,221
21067C128,6,306,153
21067C129,6,126,147
21067C130,6,175,207
21067C132,6,299,183
21067C137,6,174,265
21067C138,6,382,168
21067C140,6,518,172
21067C142,6,463,216
21067C143,6,262,145
21067C144,6,336,126
21067C148,6,214,151
21067C150,6,221,121
21067C151,6,158,121
21067C152,6,182,437
21067C153,6,175,200
21067C154,6,106,228
21067C155,6,138,159
21067C156,6,256,215
21067C157,6,265,135
21067C159,6,188,146
21067C160,6,80,226
21067C161,6,187,166
21067C162,6,320,177
21067C163,6,111,324
21067C164,6,259,344
21067C165,6,317,193
21067C167,6,317,218
21067C170,6,193,130
21067C171,6,218,177
21067C173,6,219,340
21067C174,6,267,239
21067C175,6,234,259
21067C176,6,237,314
21067C177,6,282,272
21067C178,6,134,247
21067C179,6,214,195
21067C180,6,209,480
21067C182,6,191,291
21067C183,6,190,88
21067C184,6,73,79
21067C185,6,46,112
21067C186,6,286,214
21067C187,6,130,340
21067C188,6,184,175
21067C189,6,277,126
21067C190,6,243,288
21067C191,6,327,251
21067C192,6,153,326
21067C193,6,89,233
21067C194,6,188,321
21067C195,6,216,235
21067C196,6,211,196
21067C197,6,140,141
21067C198,6,193,147
21067C199,6,137,241
21067C200,6,174,344
21067C201,6,105,211
21067C203,6,209,349
21067C205,6,237,226
21067C207,6,328,239
21067C208,6,101,310
21067C209,6,222,346
21067C210,6,147,383
21067C211,6,195,188
21067C212,6,238,235
21067C213,6,163,121
21067C215,6,148,227
21067C216,6,121,149
21067C217,6,207,313
21067C218,6,184,304
21067C219,6,208,162
21067C220,6,140,156
21067C221,6,190,238
21067C222,6,180,136
21067C223,6,237,357
21067C224,6,248,400
21067C225,6,169,326
21067C226,6,171,152
21067C227,6,284,280
21067C228,6,180,275
21067C229,6,99,193
21067C230,6,192,196
21067C231,6,145,317
21067C232,6,187,303
21067C233,6,202,252
21067C235,6,137,174
21067C236,6,116,213
21067C237,6,174,307
21067C238,6,239,314
21067C239,6,293,505
21069A101,6,86,272
21069A102,6,55,178
21069A103,6,87,233
21069AB,6,132,355
21069B101,6,54,213
21069B102,6,110,386
21069B103,6,47,197
21069C101,6,106,403
21069C102,6,104,394
21069D102,6,151,298
21069D103,6,104,289
21069E101,6,92,194
21069E102,6,52,196
21069E103,6,40,196
21069E104,6,20,136
21069F102,6,52,177
21069F103,6,29,88
21069F104,6,92,273
21069F105,6,55,180
21071A101,5,NA,245
21071A102,5,NA,58
21071A103,5,NA,315
21071A104,5,NA,150
21071A105,5,NA,354
21071A106,5,NA,386
21071A107,5,NA,351
21071A109,5,NA,414
21071A110,5,NA,254
21071A111,5,NA,342
21071A113,5,NA,436
21071A116,5,NA,497
21071ABSENTEE MACHINE,5,NA,451
21071ABSENTEE PAPER,5,NA,216
21071B101,5,NA,234
21071B102,5,NA,393
21071B103,5,NA,221
21071B104,5,NA,206
21071B105,5,NA,255
21071B106,5,NA,385
21071B108,5,NA,269
21071B109,5,NA,142
21071B112,5,NA,376
21071C101,5,NA,242
21071C102,5,NA,214
21071C103,5,NA,241
21071C104,5,NA,326
21071C105,5,NA,95
21071C106,5,NA,159
21071C107,5,NA,195
21071C108,5,NA,198
21071C109,5,NA,177
21071C110,5,NA,151
21071C111,5,NA,197
21071D101,5,NA,173
21071D102,5,NA,347
21071D103,5,NA,277
21071D104,5,NA,384
21071D105,5,NA,164
21071D106,5,NA,373
21071D107,5,NA,413
21071D108,5,NA,496
21071D109,5,NA,146
21071D110,5,NA,133
21073A101,6,341,437
21073A102A,6,194,224
21073A103A,6,264,81
21073A104A,6,228,182
21073A105A,6,293,119
21073A106,6,160,440
21073A107A,6,301,141
21073A108,6,229,430
21073AB,6,679,655
21073B101,6,291,444
21073B102,6,281,290
21073B103A,6,175,225
21073B105A,6,159,223
21073B106,6,592,850
21073B108A,6,237,325
21073B109A,6,93,94
21073C101A,6,132,166
21073C102A,6,213,128
21073C105A,6,150,169
21073C106A,6,155,233
21073C107A,6,383,386
21073C108,6,248,485
21073C109A,6,369,313
21073C110A,6,208,234
21073D101,6,149,263
21073D102,6,228,429
21073D103,6,92,206
21073D104,6,126,273
21073D105A,6,120,134
21073D106A,6,134,91
21073D107A,6,150,130
21073D108A,6,126,163
21073D109A,6,214,122
21073E101,6,321,448
21073E102,6,484,724
21073E108A,6,254,300
21073E109A,6,271,278
21073E110A,6,222,228
21073F101,6,119,303
21073F102A,6,185,71
21073F103,6,158,336
21073F104A,6,297,274
21073F105A,6,271,147
21073F106,6,151,271
21073F108,6,290,519
21075A101,1,112,113
21075A102,1,98,113
21075A103,1,59,26
21075AB,1,39,100
21075B101,1,47,193
21075B102,1,75,197
21075B104,1,55,157
21075C102,1,73,174
21075C103,1,166,48
21075D101,1,66,144
21075D102,1,22,78
21075D103,1,35,101
21077A101,4,158,243
21077A102,4,95,200
21077AB,4,46,147
21077B101,4,74,288
21077B102,4,99,320
21077C101,4,94,253
21077C102,4,112,290
21077D101,4,93,326
21077D102,4,76,319
21079A101,2,NA,214
21079A103,2,NA,476
21079A104,2,NA,603
21079AB,2,NA,329
21079B101,2,NA,300
21079B102,2,NA,520
21079B103,2,NA,144
21079C102,2,NA,628
21079C103,2,NA,557
21079D101,2,NA,404
21079D102,2,NA,190
21079D103,2,NA,243
21079D104,2,NA,351
21079E101,2,NA,500
21079E103,2,NA,535
21081A101,4,84,397
21081A102,4,42,230
21081A103,4,105,422
21081A104,4,80,218
21081A105,4,118,435
21081A106,4,71,303
21081A107,4,102,317
21081AB,4,149,474
21081B101,4,119,380
21081B102,4,25,130
21081B103,4,37,202
21081B104,4,82,296
21081B105,4,104,405
21081B106,4,54,240
21081B107,4,91,352
21081B108,4,64,255
21081C101,4,75,262
21081C102,4,88,300
21081C103,4,114,477
21081C104,4,71,322
21081C106,4,48,203
21081C107,4,114,531
21081C108,4,70,315
21083A101,1,57,237
21083A102,1,68,268
21083A103,1,95,310
21083A104,1,68,183
21083A105,1,102,387
21083A106,1,109,361
21083A107,1,138,457
21083A108,1,84,327
21083A109,1,172,754
21083A110,1,104,442
21083A111,1,132,691
21083AB,1,202,589
21083B101,1,75,141
21083B102,1,103,95
21083B103,1,162,255
21083B104,1,82,206
21083B105,1,151,450
21083B106,1,72,98
21083B107,1,124,97
21083B108,1,197,368
21083B109,1,136,251
21083B110,1,172,526
21083B111,1,134,542
21083C101,1,176,492
21083C102,1,133,503
21083C104,1,169,747
21083C106,1,102,339
21083C107,1,60,327
21083C108,1,133,480
21083C109,1,150,540
21083C110,1,216,616
21085A102,2,NA,246
21085A103,2,NA,694
21085A104,2,NA,156
21085AB,2,NA,527
21085B101,2,NA,494
21085B102,2,NA,154
21085B103,2,NA,166
21085B104,2,NA,133
21085B105,2,NA,472
21085C101,2,NA,187
21085C102,2,NA,545
21085C103,2,NA,620
21085D101,2,NA,492
21085D102,2,NA,561
21085D103,2,NA,307
21085E101,2,NA,290
21085E102,2,NA,583
21085E103,2,NA,175
21085E104,2,NA,248
21085F101,2,NA,326
21085F103,2,NA,603
21085F105,2,NA,201
21085F106,2,NA,254
21087A101,2,NA,399
21087A102,2,NA,236
21087A103,2,NA,423
21087A104,2,NA,336
21087AB,2,NA,380
21087B101,2,NA,404
21087B102,2,NA,518
21087C101,2,NA,349
21087C102,2,NA,321
21087D101,2,NA,349
21087D102,2,NA,417
21089A101,4,169,401
21089A102,4,194,371
21089A103,4,270,405
21089A104,4,115,312
21089A105,4,122,245
21089A106,4,133,202
21089A107,4,98,250
21089A108,4,145,188
21089A109,4,239,594
21089A110,4,180,538
21089AB,4,424,791
21089B101,4,138,259
21089B102,4,162,294
21089B103,4,178,418
21089B104,4,104,289
21089B105,4,133,382
21089B107,4,153,286
21089B108,4,252,527
21089B110,4,85,229
21089B111,4,171,401
21089C101,4,133,314
21089C102,4,139,435
21089C103,4,123,241
21089C104,4,175,339
21089C105,4,163,383
21089C106,4,179,332
21089C107,4,173,267
21089C108,4,144,369
21089C109,4,143,298
21089C110,4,177,273
21091A101,2,NA,282
21091A102,2,NA,400
21091AB,2,NA,181
21091B101,2,NA,221
21091B102,2,NA,289
21091B103,2,NA,203
21091C101,2,NA,426
21091C102,2,NA,333
21091D101,2,NA,273
21091D102,2,NA,307
21091D103,2,NA,248
21093A001,2,NA,268
21093A002,2,NA,410
21093A003,2,NA,264
21093A004,2,NA,421
21093A005,2,NA,442
21093A006,2,NA,446
21093A007,2,NA,89
21093A008,2,NA,489
21093A009,2,NA,308
21093A010,2,NA,58
21093AB,2,NA,1819
21093B001,2,NA,359
21093B002,2,NA,567
21093B003,2,NA,627
21093B004,2,NA,477
21093B005,2,NA,439
21093B006,2,NA,417
21093C001,2,NA,500
21093C002,2,NA,554
21093C003,2,NA,725
21093C004,2,NA,974
21093C005,2,NA,514
21093C006,2,NA,813
21093C007,2,NA,401
21093D001,2,NA,413
21093D002,2,NA,794
21093D003,2,NA,622
21093D004,2,NA,1034
21093D005,2,NA,860
21093D006,2,NA,409
21093E001,2,NA,374
21093E002,2,NA,402
21093E003,2,NA,827
21093E004,2,NA,719
21093E005,2,NA,552
21093E006,2,NA,342
21093F001,2,NA,677
21093F002,2,NA,659
21093F003,2,NA,997
21093F004,2,NA,829
21093F005,2,NA,639
21093F006,2,NA,594
21093F007,2,NA,350
21093F008,2,NA,57
21093G001,2,NA,344
21093G002,2,NA,426
21093G003,2,NA,415
21093G004,2,NA,328
21093G005,2,NA,71
21093G006,2,NA,866
21093G007,2,NA,516
21093G008,2,NA,809
21093G009,2,NA,596
21093H001,2,NA,805
21093H002,2,NA,165
21093H003,2,NA,47
21093H004,2,NA,754
21093H005,2,NA,853
21093H006,2,NA,638
21093H007,2,NA,838
21093H008,2,NA,574
21095A101,5,NA,559
21095A108,5,NA,645
21095A110,5,NA,226
21095A111,5,NA,133
21095A112,5,NA,319
21095AB,5,NA,475
21095B102,5,NA,227
21095B103,5,NA,236
21095B104,5,NA,246
21095B105,5,NA,224
21095B106,5,NA,278
21095B107,5,NA,170
21095B109,5,NA,189
21095C101,5,NA,195
21095C102,5,NA,127
21095C103,5,NA,98
21095C104,5,NA,209
21095C106,5,NA,122
21095C107,5,NA,234
21095C109,5,NA,243
21095C111,5,NA,194
21095D101,5,NA,518
21095D103,5,NA,95
21095D104,5,NA,293
21095D106,5,NA,391
21095D108,5,NA,131
21095D109,5,NA,138
21095E102,5,NA,546
21095E104,5,NA,263
21095E105,5,NA,226
21095E106,5,NA,261
21095E107,5,NA,259
21095E108,5,NA,160
21097A101,6,151,268
21097A102,6,96,185
21097A103,4,31,39
21097AB4,4,72,149
21097AB6,6,75,125
21097B101,6,139,298
21097B102,6,87,177
21097B103,4,41,11
21097C101,6,129,353
21097C102,6,129,412
21097D101,6,115,288
21097D102,4,146,406
21097D103,4,50,84
21097E101,4,120,298
21097E102,4,117,333
21097F101,4,126,343
21097F102,4,128,328
21097G101,4,103,397
21097G102,4,97,236
21097H101,4,105,345
21097H102,4,105,256
21101A101,1,142,256
21101A102,1,96,205
21101A108A,1,165,293
21101A110A,1,149,436
21101A111,1,143,248
21101A112A,1,123,272
21101A114,1,195,559
21101A116A,1,195,257
21101AB,1,426,745
21101B101C,1,115,299
21101B102C,1,54,186
21101B103,1,120,364
21101B104,1,98,389
21101B105,1,88,332
21101B106A,1,222,278
21101B108A,1,125,260
21101B109,1,56,106
21101B110A,1,165,416
21101B111A,1,153,403
21101B112A,1,65,132
21101C101AB,1,148,267
21101C102,1,78,193
21101C103B,1,110,201
21101C104B,1,157,317
21101C105,1,93,215
21101C106A,1,62,172
21101C107A,1,197,281
21101C109A,1,157,242
21101C110,1,66,179
21101C111A,1,119,185
21101D101A,1,178,191
21101D102A,1,184,76
21101D103A,1,166,181
21101D104A,1,182,153
21101D106A,1,262,176
21101D109A,1,179,212
21101D111A,1,240,353
21101E105A,1,284,279
21101E106A,1,109,181
21101E107A,1,142,236
21101E108A,1,177,274
21101E109A,1,123,238
21101E110A,1,88,208
21101E111A,1,128,187
21101E112A,1,167,185
21101E113A,1,182,304
21103A101,4,183,330
21103A102,4,165,269
21103A103,4,54,145
21103AB,4,91,206
21103B101,4,153,511
21103B102,4,50,135
21103B103,4,104,344
21103C101,4,181,463
21103C102,4,69,212
21103C103,4,67,124
21103D101,4,181,567
21103D102,4,82,185
21103E101,4,31,47
21103E102,4,43,96
21103E103,4,45,169
21103E104,4,58,120
21103E105,4,31,100
21103E106,4,98,214
21103F101,4,77,185
21103F102,4,50,139
21103F103,4,149,371
21105A101,1,60,149
21105A102,1,148,203
21105AB,1,23,84
21105B101,1,79,277
21105B102,1,79,248
21105C101,1,76,248
21105C102,1,78,349
21107A001,1,98,225
21107A002,1,70,268
21107A003,1,178,548
21107A004,1,21,112
21107A005,1,60,211
21107A006,1,101,227
21107A007,1,91,314
21107AB,1,384,835
21107B008,1,137,229
21107B009,1,90,322
21107B010,1,49,207
21107B011,1,101,275
21107B012,1,74,208
21107B013,1,20,175
21107B014,1,119,178
21107B015,1,97,126
21107C016,1,101,394
21107C017,1,92,334
21107C018,1,109,477
21107C019,1,100,309
21107C020,1,79,227
21107C021,1,121,376
21107C022,1,153,102
21107D023,1,101,553
21107D024,1,111,456
21107D025,1,201,166
21107D026,1,32,192
21107D027,1,163,591
21107D028,1,142,337
21107D029,1,44,84
21107E030,1,64,303
21107E031,1,80,327
21107E032,1,43,206
21107E033,1,121,410
21107E034,1,140,396
21107E035,1,134,113
21107E036,1,54,196
21107F037,1,45,120
21107F038,1,132,396
21107F039,1,68,240
21107F040,1,87,331
21107F041,1,29,167
21107F042,1,80,296
21107F043,1,136,343
21107G044,1,77,185
21107G045,1,101,236
21107G046,1,93,159
21107G047,1,113,149
21107G048,1,118,237
21107G049,1,97,295
21107G050,1,75,136
21109A101,5,NA,289
21109A102,5,NA,269
21109A103,5,NA,459
21109A104,5,NA,141
21109A105,5,NA,107
21109A106,5,NA,148
21109ABSENTEE MACHINE,5,NA,178
21109ABSENTEE PAPER,5,NA,138
21109B101,5,NA,423
21109B102,5,NA,653
21109B103,5,NA,500
21109B104,5,NA,303
21109C101,5,NA,340
21109C102,5,NA,261
21109C103,5,NA,179
21109C104,5,NA,228
21111A105,3,687,435
21111A107,3,307,211
21111A108,3,488,382
21111A111,3,370,327
21111A113,3,440,362
21111A114,3,336,302
21111A115,3,316,334
21111A118,3,191,173
21111A119,3,314,290
21111A121,3,376,335
21111A123,3,505,316
21111A124,3,364,397
21111A125,3,374,425
21111A126,3,367,380
21111A127,3,281,247
21111A128,3,294,281
21111A129,3,392,484
21111A130,3,141,256
21111A131,3,378,323
21111A134,3,195,265
21111A135,3,306,272
21111A136,3,235,149
21111A139,3,266,207
21111A140,3,499,413
21111A141,3,7,6
21111A142,3,106,100
21111A143,3,1,10
21111B124,3,312,359
21111B132,3,358,461
21111B133,3,440,483
21111B134,3,625,668
21111B149,3,250,296
21111B151,3,530,521
21111B153,3,23,33
21111B154,3,388,319
21111B155,3,317,231
21111B156,3,515,466
21111B157,3,675,619
21111B158,3,363,558
21111B159,3,689,746
21111B160,3,239,269
21111B161,4,28,62
21111B162,3,343,584
21111B163,3,526,401
21111B166,3,310,267
21111B168,3,441,456
21111B169,3,313,334
21111B170,3,306,287
21111B172,3,579,672
21111B173,3,389,470
21111B175,3,369,445
21111B177,3,319,533
21111B181,3,57,59
21111B182,3,212,296
21111B183,3,581,720
21111B184,3,7,13
21111B185,3,161,142
21111C101,3,566,82
21111C102,3,357,103
21111C103,3,455,107
21111C104,3,359,84
21111C105,3,323,8
21111C106,3,793,168
21111C108,3,628,67
21111C109,3,265,29
21111C110,3,460,8
21111C111,3,832,23
21111C113,3,214,60
21111C115,3,725,179
21111C122,3,356,157
21111C123,3,246,122
21111C124,3,493,273
21111C125,3,404,82
21111C126,3,544,96
21111C128,3,88,65
21111C129,3,650,210
21111C130,3,44,15
21111C131,3,223,128
21111C133,3,610,275
21111C134,3,395,215
21111C135,3,388,202
21111C136,3,261,142
21111C137,3,371,202
21111C138,3,276,126
21111C139,3,9,13
21111C141,3,296,122
21111C142,3,399,98
21111C143,3,74,54
21111C144,3,34,31
21111C145,3,102,61
21111C146,3,0,0
21111C147,3,1,0
21111C148,3,23,10
21111C149,3,1,9
21111C150,3,2,7
21111C151,3,17,7
21111D101,3,267,165
21111D104,3,360,174
21111D106,3,357,251
21111D108,3,469,325
21111D109,3,207,106
21111D110,3,378,154
21111D113,3,401,105
21111D114,3,398,308
21111D115,3,573,320
21111D116,3,559,398
21111D117,3,361,293
21111D120,3,604,356
21111D121,3,326,258
21111D122,3,391,325
21111D126,3,637,422
21111D129,3,221,140
21111D130,3,413,247
21111D131,3,280,149
21111D132,3,779,418
21111D135,3,364,189
21111D136,3,586,381
21111D137,3,290,299
21111D138,3,679,449
21111D139,3,542,416
21111D140,3,517,361
21111D141,3,312,332
21111D142,3,376,354
21111D144,3,210,156
21111D145,3,196,132
21111E139,3,380,151
21111E141,3,170,144
21111E142,3,332,233
21111E143,3,332,177
21111E144,3,436,270
21111E145,3,405,303
21111E148,3,483,391
21111E152,3,409,412
21111E154,3,369,295
21111E155,3,423,295
21111E157,3,112,90
21111E158,3,248,219
21111E159,3,211,164
21111E160,3,297,312
21111E161,3,137,204
21111E162,3,138,115
21111E163,3,319,511
21111E164,3,287,423
21111E165,3,479,346
21111E166,3,247,235
21111E167,3,389,219
21111E168,3,172,216
21111E169,3,480,547
21111E171,3,295,182
21111E173,3,318,135
21111E175,3,297,207
21111E176,3,174,125
21111E177,3,149,119
21111E178,3,304,334
21111E179,3,272,386
21111E180,3,362,249
21111E181,3,422,317
21111E182,3,689,631
21111E183,3,332,257
21111E184,3,262,242
21111E185,3,176,79
21111F106,3,324,260
21111F145,3,512,504
21111F151,3,483,544
21111F152,3,461,521
21111F153,3,432,401
21111F154,3,320,376
21111F155,3,154,212
21111F156,3,480,444
21111F158,3,123,150
21111F161,3,253,321
21111F163,3,299,340
21111F164,3,286,429
21111F166,3,280,304
21111F167,3,364,236
21111F169,3,199,139
21111F170,3,255,135
21111F171,3,299,340
21111F172,3,344,292
21111F176,3,312,313
21111F179,3,376,343
21111F180,3,549,441
21111F181,3,604,370
21111F182,3,650,432
21111F183,3,137,213
21111F184,3,339,386
21111F185,3,514,248
21111F186,3,736,313
21111F187,3,400,238
21111G103,3,428,75
21111G104,3,346,85
21111G106,3,379,92
21111G107,3,445,108
21111G108,3,337,71
21111G109,3,600,142
21111G111,3,475,86
21111G112,3,816,192
21111G116,3,646,156
21111G117,3,797,225
21111G119,3,313,136
21111G120,3,408,144
21111G121,3,349,180
21111G122,3,304,99
21111G123,3,168,61
21111G124,3,557,296
21111G126,3,368,162
21111G129,3,116,64
21111G140,3,421,99
21111G141,3,403,135
21111G142,3,117,49
21111G143,3,653,161
21111G144,3,520,138
21111G145,3,660,255
21111G146,3,597,163
21111G147,3,495,191
21111G148,3,226,91
21111G149,3,252,110
21111G150,3,197,158
21111G151,3,264,136
21111G154,3,420,203
21111G155,3,501,187
21111G156,3,358,334
21111G157,3,541,341
21111G158,3,437,327
21111G159,3,0,0
21111G160,3,179,216
21111G161,3,329,122
21111G162,3,48,49
21111G163,3,296,157
21111G164,3,632,347
21111G165,3,230,148
21111G166,3,91,39
21111G167,3,214,112
21111G168 - STM,3,40,38
21111G169,3,179,102
21111H102,3,509,98
21111H103,3,612,168
21111H105,3,498,138
21111H106,3,453,135
21111H109,3,236,85
21111H110,3,484,153
21111H111,3,264,134
21111H112,3,365,219
21111H113,3,186,152
21111H114,3,7,1
21111H115,3,254,135
21111H116,3,376,196
21111H117,3,517,402
21111H118,3,424,216
21111H120,3,591,338
21111H121,3,205,113
21111H123,3,131,95
21111H124,3,112,27
21111H125,3,215,129
21111H126,3,265,160
21111H127,3,214,65
21111H130,3,0,0
21111H131,3,298,54
21111H132,3,191,23
21111H133,3,65,13
21111H138,3,705,320
21111H141,3,473,167
21111H144,3,374,316
21111H145,3,262,263
21111H146,3,371,311
21111H147,3,285,236
21111H148,3,336,296
21111H150,3,1,1
21111H151,3,1,0
21111H152,3,85,32
21111H153,3,0,0
21111H154,3,92,61
21111H155,3,131,65
21111H156,3,0,0
21111H157,3,14,4
21111H158,3,0,0
21111H159,3,85,101
21111H160,3,528,287
21111H161,3,0,1
21111H162,3,265,203
21111I107,3,440,167
21111I109,3,282,94
21111I110,3,104,70
21111I111,3,579,251
21111I112,3,452,245
21111I115,3,322,60
21111I120,3,210,106
21111I122,3,187,132
21111I123,3,588,371
21111I124,3,230,141
21111I125,3,216,105
21111I126,3,274,333
21111I130,3,145,187
21111I133,3,451,555
21111I135,3,147,172
21111I138,3,0,1
21111I140,3,46,26
21111I141,3,376,299
21111I142,3,1,0
21111I143,3,30,28
21111I144,3,30,48
21111I145,3,89,65
21111I146,3,312,290
21111I147,3,18,22
21111I148,3,158,148
21111I149,3,0,0
21111I150,3,43,20
21111I151,3,381,313
21111I152,3,423,426
21111I153,3,642,477
21111I154,3,589,449
21111I155,3,18,16
21111I156,3,167,137
21111J101,3,438,130
21111J104,3,533,166
21111J105,3,228,123
21111J107,3,315,102
21111J108,3,509,242
21111J111,3,343,138
21111J113,3,467,294
21111J114,3,506,307
21111J117,3,262,173
21111J119,3,313,211
21111J120,3,392,272
21111J122,3,383,211
21111J123,3,196,156
21111J130,3,134,58
21111J135,3,339,342
21111J137,3,273,318
21111J138,3,92,81
21111J140,3,148,73
21111J141,3,189,259
21111J142,3,3,3
21111J143,3,29,45
21111J144,3,268,345
21111J145,3,309,408
21111J146,3,0,0
21111J147,3,405,179
21111J148,3,413,230
21111J149,3,409,95
21111J150,3,257,122
21111J151,3,8,3
21111J152,3,222,242
21111J153,3,122,114
21111J154,3,0,0
21111J155,3,92,137
21111K104,3,288,119
21111K105,3,662,112
21111K110,3,316,56
21111K111,3,205,54
21111K112,3,253,74
21111K113,3,204,29
21111K114,3,385,120
21111K116,3,62,20
21111K117,3,384,145
21111K118,3,465,30
21111K119,3,372,185
21111K122,3,588,72
21111K123,3,698,69
21111K125,3,151,37
21111K126,3,243,48
21111K127,3,472,269
21111K128,3,311,208
21111K129,3,442,96
21111K130,3,382,60
21111K131,3,367,104
21111K132,3,136,110
21111K133,3,392,106
21111K134,3,307,137
21111K135,3,15,4
21111K136,3,88,17
21111K137,3,166,5
21111K138,3,72,58
21111K139,3,0,0
21111K140,3,185,24
21111K141,3,122,42
21111K142,3,0,0
21111K143,3,0,0
21111K144,3,336,190
21111K145,3,505,334
21111K146,3,429,346
21111K147,3,580,359
21111K148,3,292,180
21111K149,3,0,1
21111K150,3,0,0
21111K151,3,0,0
21111L104,3,577,18
21111L108,3,353,17
21111L110,3,12,5
21111L111,3,261,29
21111L112,3,317,18
21111L113,3,576,57
21111L115,3,78,15
21111L117,3,506,174
21111L118,3,626,336
21111L119,3,548,183
21111L134,3,330,201
21111L135,3,292,209
21111L136,3,485,206
21111L138,3,251,181
21111L139,3,450,390
21111L140,3,259,7
21111L141,3,301,63
21111L142,3,307,58
21111L143,3,209,32
21111L144,3,206,8
21111L145,3,458,8
21111L146,3,463,274
21111L147,3,439,4
21111L148,3,201,8
21111L149,3,25,0
21111L150,3,50,0
21111L151,3,306,190
21111L152,3,174,101
21111L153,3,43,25
21111L154,3,344,5
21111L155,3,8,3
21111L156,3,543,78
21111L157,3,459,11
21111L158,3,329,8
21111L159,3,131,0
21111L160,3,242,10
21111L161,3,426,13
21111L162,3,8,0
21111L163,3,244,14
21111L164,3,222,70
21111M102,3,949,15
21111M103,3,994,11
21111M104,3,410,9
21111M105,3,406,6
21111M107,3,242,3
21111M110,3,583,7
21111M121,3,494,75
21111M123,3,744,109
21111M124,3,587,110
21111M129,3,269,12
21111M130,3,263,17
21111M131,3,279,42
21111M133,3,690,11
21111M137,3,321,148
21111M138,3,650,214
21111M139,3,449,80
21111M140,3,188,42
21111M141,3,289,58
21111M142,3,816,170
21111M143,3,366,79
21111M144,3,232,47
21111M145,3,35,2
21111M146,3,464,63
21111M147,3,329,60
21111M148,3,444,6
21111M149,3,315,125
21111M150,3,202,63
21111M159,3,124,28
21111M160,3,107,25
21111M162,3,209,40
21111M163,3,173,36
21111M164,3,17,9
21111M165,3,0,0
21111M166,3,457,35
21111M167,3,0,0
21111M168,3,113,14
21111M169,3,275,3
21111M170,3,655,20
21111M171,3,782,24
21111M172,3,129,12
21111M173,3,548,60
21111M174,3,1,0
21111M175,3,0,0
21111N101,3,575,61
21111N102,3,364,165
21111N103,3,687,17
21111N104,3,718,23
21111N105,3,540,20
21111N106,3,635,12
21111N107,3,630,11
21111N108,3,699,12
21111N109,3,471,8
21111N110,3,428,11
21111N111,3,295,4
21111N112,3,363,8
21111N113,3,275,9
21111N115,3,332,91
21111N117,3,439,74
21111N124,3,1,2
21111N125,3,399,300
21111N126,3,202,286
21111N127,3,43,12
21111N128,3,176,42
21111N130,3,557,250
21111N131,3,315,353
21111N134,3,606,122
21111N135,3,89,40
21111N136,3,264,24
21111N137,3,135,2
21111N138,3,34,1
21111N139,3,74,1
21111N141,3,240,224
21111N142,3,484,380
21111N143,3,475,370
21111N144,3,266,228
21111N145,3,445,5
21111N146,3,295,181
21111N147,3,82,27
21111N148,3,333,3
21111N149,3,100,2
21111N150,3,12,0
21111O105,3,691,107
21111O107,3,774,140
21111O109,3,639,169
21111O111,3,478,142
21111O112,3,288,221
21111O113,3,384,114
21111O114,3,388,285
21111O115,3,495,358
21111O117,3,594,80
21111O119,3,571,89
21111O121,3,479,110
21111O123,3,310,109
21111O124,3,288,156
21111O126,3,422,131
21111O127,3,393,165
21111O128,3,451,282
21111O129,3,563,424
21111O130,3,355,249
21111O131,3,312,172
21111O133,3,380,409
21111O134,3,349,470
21111O135,3,351,256
21111O136,3,372,216
21111O137,3,531,418
21111O138,3,165,126
21111O139,3,20,14
21111O141,3,0,0
21111O142,3,248,183
21111O143,3,9,7
21111Q101,3,672,286
21111Q103,3,602,340
21111Q104,3,176,74
21111Q105,3,641,418
21111Q107,3,600,317
21111Q109,3,531,516
21111Q112,3,404,405
21111Q113,3,168,206
21111Q114,3,354,407
21111Q115,3,445,345
21111Q116,3,424,346
21111Q117,3,346,377
21111Q119,3,460,388
21111Q122,3,492,72
21111Q123,3,811,34
21111Q124,3,455,92
21111Q125,3,632,581
21111Q126,3,183,229
21111Q127,3,275,115
21111Q131,3,194,182
21111Q132,3,282,200
21111Q134,3,367,108
21111Q136,3,150,102
21111Q137,3,422,259
21111Q138,3,316,148
21111Q139,3,178,142
21111S116,3,293,328
21111S118,3,485,348
21111S119,3,568,382
21111S125,3,569,454
21111S126,3,388,417
21111S128,3,351,289
21111S129,3,333,314
21111S130,3,358,390
21111S131,3,502,273
21111S132,3,622,348
21111S135,3,575,252
21111S139,3,650,474
21111S140,3,338,380
21111S141,3,643,461
21111S142,3,336,227
21111S143,3,298,425
21111S144,3,305,300
21111S146,3,359,270
21111S150,3,366,445
21111S152,3,305,235
21111S153,3,476,483
21111S156,3,316,187
21111S160,3,714,885
21111S161,3,294,233
21111S164,3,346,290
21111S165,3,276,277
21111S166,3,294,375
21111S167,3,279,293
21111S168,3,260,261
21111V101,3,381,282
21111V102,3,525,757
21111V103,4,111,367
21111V104,4,405,866
21111V105,4,253,794
21111V106,3,374,244
21111V107,4,119,441
21111V108,4,298,882
21111V109,3,28,55
21111V110,4,306,854
21111V111,4,261,528
21111V112,3,7,11
21111V113,4,467,1103
21111V114,3,256,594
21111V115,3,379,370
21111V116,3,364,459
21111V117,3,347,378
21111V118,3,385,387
21111V119,3,496,652
21111V120,3,482,506
21111V121,4,336,527
21111V122,4,0,0
21111V123,4,0,2
21111V124,3,272,244
21111V125,4,202,427
21111V126,3,463,638
21111V127,3,621,565
21111V128,3,398,496
21111V129,4,283,810
21111V130,3,94,159
21111V131,4,277,555
21111V132,3,209,300
21113A101-1A,6,108,199
21113A102-2A,6,116,252
21113A103-3A,6,235,480
21113A104-4A,6,140,300
21113A105-5A,6,174,434
21113A106-6A,6,173,669
21113A107-6B,6,106,313
21113AB2,2,NA,443
21113AB6,6,274,692
21113B101-7A,6,176,576
21113B102-7B,6,225,571
21113B103-7C,6,174,462
21113B104-7D,6,236,456
21113B105-7E,6,204,697
21113C101-1C,6,136,413
21113C102-2C,6,107,371
21113C103-3C,6,275,391
21113C104-4C,6,217,536
21113C105-5C,6,211,722
21113D101-1D,6,46,176
21113D102-2D,6,139,328
21113D103-3D,6,129,437
21113D104-4D,2,NA,701
21113D105-5D,2,NA,511
21113D106-6D,2,NA,478
21113D107-7D,2,NA,190
21113E101-1E,6,47,187
21113E102-2E,2,NA,737
21113E103-3E,2,NA,468
21113E104-4E,2,NA,530
21113E105-5E,2,NA,453
21113E106-6E,2,NA,721
21113E107-7E,2,NA,458
21113F101-1F,6,136,268
21113F102-2F,6,145,324
21113F103-3F,6,222,503
21113F104-4F,6,172,342
21113F105-5F,6,228,468
21115ABSENTEE MACHINE,5,NA,487
21115ABSENTEE PAPER,5,NA,163
21115BARNETTS CREEK,5,NA,275
21115BRIDGEFORD,5,NA,173
21115BUFFALO,5,NA,222
21115DANIELS CREEK,5,NA,244
21115EAST POINT,5,NA,87
21115FLAT GAP,5,NA,394
21115GREASY CREEK,5,NA,288
21115HAGER HILL,5,NA,431
21115JENNYS CREEK,5,NA,346
21115KING ADDITION,5,NA,342
21115LITTLE GAP,5,NA,143
21115LOW GAP,5,NA,165
21115LOWER WARD,5,NA,146
21115MIDDLE WARD,5,NA,211
21115MINGO,5,NA,295
21115MOUTH OF RUSH,5,NA,343
21115MUDDY BRANCH,5,NA,155
21115OIL SPRINGS,5,NA,209
21115POWELL ADDITION,5,NA,256
21115RED BUSH,5,NA,130
21115SITKA,5,NA,154
21115SOUTHSIDE,5,NA,205
21115STAFFORDSVILLE,5,NA,458
21115STAMBAUGH,5,NA,226
21115SYCAMORE,5,NA,210
21115THELMA,5,NA,209
21115UPPER WARD,5,NA,226
21115VAN LEAR,5,NA,179
21115VOLGA,5,NA,115
21115WEST VAN LEAR,5,NA,236
21115WHITEHOUSE,5,NA,47
21117A101,4,236,184
21117A102,4,237,91
21117A103,4,319,181
21117A104,4,150,226
21117A105,4,141,113
21117A106,4,268,129
21117A107,4,277,186
21117A108,4,335,255
21117A109,4,194,197
21117A110,4,132,173
21117A111,4,209,204
21117A112,4,209,207
21117A113,4,120,202
21117A114,4,118,202
21117A115,4,167,200
21117A116,4,123,234
21117A117,4,176,282
21117A118,4,240,41
21117A119,4,208,51
21117A120,4,191,121
21117A121,4,236,131
21117A122,4,315,231
21117A123,4,201,152
21117A124,4,210,305
21117A125,4,78,160
21117A126,4,353,605
21117A128,4,242,430
21117A130,4,185,353
21117A131,4,367,914
21117A132,4,217,367
21117A133,4,338,457
21117A135,4,203,487
21117A136,4,167,450
21117A137,4,250,839
21117A138,4,266,632
21117AB,4,1570,2907
21117B101,4,111,579
21117B105,4,108,335
21117B106,4,148,452
21117B107,4,116,290
21117B108,4,218,774
21117B109,4,151,552
21117B110,4,219,574
21117B111,4,132,420
21117B112,4,165,563
21117B115,4,242,1076
21117B116,4,214,817
21117B117,4,177,368
21117B118,4,303,912
21117B119,4,49,203
21117B120,4,141,634
21117B121,4,191,607
21117B122,4,277,969
21117B123,4,77,449
21117B125,4,221,618
21117B129,4,81,345
21117B130,4,122,523
21117B131,4,161,381
21117B132,4,364,1079
21117B133,4,183,680
21117B134,4,177,318
21117B135,4,185,527
21117B136,4,285,947
21117B137,4,227,791
21117B138,4,254,780
21117B139,4,2,0
21117B140,4,226,626
21117B141,4,321,1064
21117B142,4,4,10
21117C101,4,153,282
21117C102,4,197,570
21117C103,4,112,268
21117C104,4,350,410
21117C105,4,189,375
21117C106,4,204,309
21117C107,4,282,576
21117C108,4,95,223
21117C109,4,124,264
21117C110,4,219,424
21117C111,4,204,384
21117C112,4,151,321
21117C113,4,161,320
21117C114,4,159,277
21117C115,4,199,245
21117C116,4,213,476
21117C117,4,193,505
21117C118,4,176,494
21117C119,4,135,259
21117C121,4,183,343
21117C122,4,356,686
21117C124,4,242,762
21117C125,4,348,778
21117C127,4,189,517
21117C128,4,243,449
21117C130,4,225,646
21117C131,4,151,493
21117C133,4,151,464
21117C134,4,188,558
21117C135,4,229,922
21117C136,4,316,660
21117C137,4,130,392
21117C138,4,177,429
21117C139,4,164,291
21117C140,4,168,509
21117C141,4,102,297
21117C142,4,0,0
21117C143,4,0,0
21119A101,5,NA,240
21119A103,5,NA,138
21119A104,5,NA,310
21119A105,5,NA,158
21119A106,5,NA,104
21119A108,5,NA,118
21119ABSENTEE MACHINE,5,NA,148
21119ABSENTEE PAPER,5,NA,80
21119B101,5,NA,219
21119B102,5,NA,165
21119B103,5,NA,107
21119B104,5,NA,115
21119B105,5,NA,106
21119B106,5,NA,59
21119B107,5,NA,192
21119C101,5,NA,107
21119C102,5,NA,200
21119C103,5,NA,16
21119C104,5,NA,21
21119C105,5,NA,74
21119C106,5,NA,26
21119C107,5,NA,92
21119C108,5,NA,109
21119C109,5,NA,71
21119C110,5,NA,73
21119C111,5,NA,22
21119C112,5,NA,100
21119D102,5,NA,64
21119D103,5,NA,147
21119D104,5,NA,107
21119D105,5,NA,187
21119D107,5,NA,138
21121A101,5,NA,209
21121A102,5,NA,241
21121A103,5,NA,326
21121A104,5,NA,489
21121A105,5,NA,609
21121A106,5,NA,496
21121ABSENTEE MACHINE,5,NA,340
21121ABSENTEE PAPER,5,NA,188
21121B101,5,NA,89
21121B102,5,NA,77
21121B103,5,NA,62
21121B104,5,NA,125
21121B105,5,NA,293
21121B106,5,NA,234
21121B107,5,NA,254
21121B108,5,NA,405
21121C101,5,NA,143
21121C102,5,NA,241
21121C103,5,NA,681
21121C104,5,NA,371
21121C105,5,NA,133
21121D101,5,NA,251
21121D102,5,NA,221
21121D103,5,NA,194
21121D104,5,NA,406
21121D105,5,NA,402
21121E101,5,NA,111
21121E102,5,NA,130
21121E103,5,NA,297
21121E104,5,NA,443
21121E105,5,NA,873
21121E106,5,NA,424
21123A101,2,NA,724
21123A103,2,NA,462
21123AB,2,NA,338
21123B101,2,NA,536
21123B102,2,NA,301
21123B103,2,NA,256
21123C101,2,NA,732
21123C102,2,NA,379
21123C103,2,NA,197
21123D101,2,NA,480
21123D102,2,NA,429
21123D103,2,NA,196
21123D104,2,NA,183
21125A101,5,NA,424
21125A102,5,NA,343
21125A103,5,NA,369
21125A104,5,NA,419
21125A105,5,NA,429
21125A106,5,NA,558
21125A107,5,NA,431
21125A108,5,NA,376
21125ABSENTEE MACHINE,5,NA,1034
21125ABSENTEE PAPER,5,NA,624
21125B101,5,NA,466
21125B102,5,NA,483
21125B103,5,NA,678
21125B104,5,NA,307
21125B105,5,NA,545
21125B106,5,NA,450
21125C101,5,NA,137
21125C102,5,NA,289
21125C103,5,NA,280
21125C104,5,NA,407
21125C105,5,NA,288
21125C106,5,NA,272
21125C108,5,NA,424
21125C109,5,NA,510
21125C110,5,NA,518
21125D101,5,NA,580
21125D102,5,NA,486
21125D103,5,NA,278
21125D104,5,NA,309
21125D105,5,NA,426
21125D106,5,NA,352
21125D107,5,NA,362
21125D108,5,NA,329
21125E101,5,NA,391
21125E103,5,NA,449
21125E104,5,NA,417
21125E105,5,NA,505
21125E106,5,NA,646
21125E107,5,NA,314
21125E108,5,NA,339
21125F101,5,NA,508
21125F102,5,NA,681
21125F103,5,NA,122
21125F104,5,NA,644
21125F105,5,NA,798
21125F106,5,NA,286
21125F107,5,NA,407
21127A101,5,NA,205
21127A102,5,NA,563
21127A103,5,NA,163
21127A104,5,NA,192
21127AB,5,NA,352
21127B101,5,NA,211
21127B102,5,NA,275
21127B103,5,NA,656
21127C101,5,NA,98
21127C102,5,NA,180
21127C103,5,NA,148
21127C104,5,NA,454
21127C105,5,NA,149
21127D101,5,NA,216
21127D102,5,NA,192
21127D103,5,NA,145
21127D104,5,NA,243
21127D105,5,NA,256
21127D106,5,NA,149
21131A101,5,NA,159
21131A102,5,NA,364
21131A103,5,NA,24
21131A104,5,NA,286
21131A105,5,NA,85
21131ABSENTEE MACHINE,5,NA,155
21131ABSENTEE PAPER,5,NA,97
21131B101,5,NA,367
21131B102,5,NA,152
21131B103,5,NA,162
21131B104,5,NA,139
21131C101,5,NA,385
21131C102,5,NA,183
21131C103,5,NA,327
21131D101,5,NA,218
21131D102,5,NA,177
21131D103,5,NA,137
21131D104,5,NA,218
21131D105,5,NA,69
21133A101,5,NA,245
21133A102,5,NA,273
21133A103,5,NA,349
21133A104,5,NA,81
21133A105,5,NA,86
21133A106,5,NA,247
21133A107,5,NA,129
21133A108,5,NA,191
21133ABSENTEE MACHINE,5,NA,260
21133ABSENTEE PAPER,5,NA,120
21133B101,5,NA,497
21133B102,5,NA,332
21133B103,5,NA,263
21133C101,5,NA,129
21133C102,5,NA,141
21133C103,5,NA,365
21133C104,5,NA,180
21133C105,5,NA,222
21133C106,5,NA,146
21133C107,5,NA,233
21133D102,5,NA,319
21133D103,5,NA,166
21133D104,5,NA,182
21133D105,5,NA,206
21133D106,5,NA,145
21133D107,5,NA,266
21133E101,5,NA,189
21133E102,5,NA,88
21133E103,5,NA,298
21133E104,5,NA,106
21133E105,5,NA,227
21133E106,5,NA,73
21137A101,5,NA,353
21137A102,5,NA,684
21137A103,5,NA,418
21137A104,5,NA,199
21137ABSENTEE MACHINE,5,NA,482
21137ABSENTEE PAPER,5,NA,147
21137B101,5,NA,441
21137B102,5,NA,369
21137B103,5,NA,339
21137B104,5,NA,594
21137C101,5,NA,483
21137C102,5,NA,369
21137C103,5,NA,282
21137C104,5,NA,691
21137D101,5,NA,308
21137D102,5,NA,244
21137D103,5,NA,867
21137D105,5,NA,271
21137D106,5,NA,193
21139A101,1,250,754
21139AB,1,68,196
21139B101,1,65,191
21139B102,1,163,373
21139B103,1,115,306
21139C101,1,33,122
21139C102,1,96,447
21139C103,1,24,96
21139D101,1,117,298
21139D102,1,92,287
21139D103,1,100,294
21141A101,1,130,236
21141A104,1,223,689
21141A105,1,125,228
21141AB,1,151,308
21141B101,1,111,273
21141B102,1,169,328
21141B103,1,140,288
21141B104,1,125,236
21141C101,1,130,383
21141C102,1,84,270
21141C103,1,126,240
21141C104,1,76,287
21141D101,1,100,436
21141D102,1,180,567
21141D103,1,68,317
21141E101,1,63,226
21141E102,1,241,604
21141E103,1,151,460
21141F101,1,219,121
21141F102,1,200,624
21141F103,1,215,268
21143A101,1,170,398
21143A102,1,161,457
21143AB,1,109,243
21143B101,1,142,375
21143B102,1,172,444
21143C101,1,164,403
21143C102,1,195,431
21145A102A,1,209,95
21145A104A,1,183,88
21145A106A,1,140,136
21145A110,1,185,474
21145A112,1,225,627
21145A113,1,257,918
21145A114,1,133,433
21145A115,1,161,241
21145A116,1,344,559
21145A117,1,19,50
21145A118,1,226,723
21145A119A,1,158,47
21145A120,1,119,387
21145A121,1,76,263
21145A122,1,190,560
21145A124,1,137,320
21145A133A,1,139,107
21145AB,1,575,1286
21145B103A,1,213,190
21145B113A,1,349,253
21145B114A,1,139,155
21145B116A,1,224,182
21145B117,1,141,549
21145B118A,1,186,163
21145B119,1,79,288
21145B120,1,168,412
21145B121,1,97,410
21145B122,1,76,298
21145B123,1,196,366
21145B124,1,101,484
21145B125,1,140,633
21145B126,1,143,366
21145B127,1,117,428
21145B129,1,13,37
21145B131A,1,259,261
21145B132A,1,126,310
21145B134,1,167,491
21145B135,1,101,449
21145C102A,1,341,96
21145C106,1,50,106
21145C107,1,191,554
21145C108,1,168,790
21145C109,1,257,701
21145C110,1,268,895
21145C112,1,219,685
21145C113,1,213,537
21145C114,1,103,376
21145C115,1,69,187
21145C119A,1,155,147
21145C120A,1,219,171
21145C121A,1,178,213
21145C122A,1,110,333
21145C123A,1,203,497
21145C125A,1,247,135
21145C128,1,114,348
21147A101,5,NA,390
21147A102,5,NA,388
21147A104,5,NA,271
21147A105,5,NA,94
21147AB,5,NA,393
21147B101,5,NA,735
21147B102,5,NA,267
21147B104,5,NA,190
21147D101,5,NA,474
21147D103,5,NA,146
21147D104,5,NA,210
21147D105,5,NA,171
21147D106,5,NA,106
21147F103,5,NA,207
21147F104,5,NA,381
21147F105,5,NA,200
21147F106,5,NA,90
21147F108,5,NA,185
21147F109,5,NA,81
21149A101,1,72,215
21149A102,1,167,462
21149AB,1,102,183
21149B101,1,156,385
21149B102,1,162,305
21149C101,1,127,372
21149C102,1,138,423
21149D101,1,142,438
21149D102,1,158,385
21151A101,6,163,544
21151A102,6,404,367
21151A103,6,449,250
21151A104,6,399,612
21151A105,6,342,465
21151A106,6,458,769
21151A107,6,224,643
21151A108,6,203,656
21151A109,6,263,1001
21151A110,6,124,384
21151AB,6,749,1307
21151B101,6,428,619
21151B102,6,151,484
21151B103,6,313,648
21151B104,6,153,557
21151B105,6,536,781
21151B106,6,163,164
21151B107,6,469,652
21151B108,6,135,417
21151B109,6,229,728
21151B110,6,442,1299
21151C101,6,1,6
21151C102,6,78,262
21151C103,6,232,696
21151C104,6,67,313
21151C105,6,134,522
21151C106,6,131,509
21151C107,6,306,845
21151C108,6,74,232
21151C109,6,323,624
21151C110,6,481,607
21151C112,6,414,620
21151C113,6,231,299
21151C114,6,171,182
21151D101,6,73,295
21151D102,6,165,464
21151D103,6,195,635
21151D104,6,33,84
21151D105,6,261,599
21151D106,6,367,1438
21151D107,6,3,4
21151D109,6,398,692
21151D110,6,232,179
21151D111,6,296,662
21151D112,6,272,658
21151D113,6,177,404
21153A101,5,NA,243
21153A102,5,NA,276
21153A103,5,NA,186
21153A104,5,NA,367
21153ABSENTEE MACHINE,5,NA,255
21153ABSENTEE PAPER,5,NA,106
21153B101,5,NA,313
21153B102,5,NA,268
21153B103,5,NA,163
21153B104,5,NA,170
21153B105,5,NA,138
21153C101,5,NA,173
21153C102,5,NA,187
21153C103,5,NA,217
21153C104,5,NA,246
21153C105,5,NA,278
21155A101,1,112,259
21155A102,1,103,223
21155A103,1,118,319
21155A104,1,145,162
21155AB,1,232,227
21155C102,1,392,345
21155C103,1,121,198
21155C105,1,47,171
21155D102,1,211,392
21155D103,1,177,312
21155D104,1,149,163
21155E101,1,112,206
21155E102,1,204,307
21155E103,1,236,383
21155H101,1,237,300
21155H102,1,138,190
21155H103,1,126,128
21155H104,1,138,232
21157A101,1,189,471
21157A102,1,261,522
21157A103,1,258,431
21157A104,1,132,380
21157A105,1,159,381
21157A106,1,87,313
21157A107,1,249,704
21157A108,1,146,381
21157AB,1,247,694
21157B101,1,133,336
21157B102,1,223,659
21157B103,1,102,265
21157B104,1,149,231
21157B105,1,175,534
21157B106,1,188,592
21157B107,1,211,488
21157B108,1,110,309
21157B109,1,140,343
21157C101,1,207,602
21157C102,1,105,287
21157C103,1,189,513
21157C104,1,288,877
21157C105,1,254,558
21157C106,1,113,318
21157C107,1,85,199
21157C108,1,179,328
21159A101,5,NA,281
21159A102,5,NA,137
21159A103,5,NA,180
21159ABSENTEE MACHINE,5,NA,235
21159ABSENTEE PAPER,5,NA,97
21159B101,5,NA,117
21159B102,5,NA,340
21159B103,5,NA,217
21159C101,5,NA,385
21159C102,5,NA,234
21159D101,5,NA,139
21159D102,5,NA,206
21159D103,5,NA,230
21159D104,5,NA,69
21159E101,5,NA,192
21159E102,5,NA,279
21161A101,4,102,135
21161A102,4,79,33
21161A103,4,222,300
21161A104,4,175,234
21161A105,4,75,285
21161AB,4,154,359
21161B102,4,37,147
21161B103,4,30,128
21161B104,4,73,249
21161B105,4,30,172
21161B106,4,94,354
21161B107,4,137,559
21161B108,4,172,538
21161C102,4,219,545
21161C103,4,104,360
21161C104,4,65,256
21161C105,4,109,437
21163A101,2,NA,453
21163A102,2,NA,386
21163AB,2,NA,552
21163B101,2,NA,633
21163B102,2,NA,700
21163B103,2,NA,416
21163C101,2,NA,534
21163C102,2,NA,560
21163C103,2,NA,490
21163D101,2,NA,545
21163D102,2,NA,572
21163D103,2,NA,426
21163E101,2,NA,488
21163E102,2,NA,498
21163E103,2,NA,602
21163F101,2,NA,341
21163F102,2,NA,237
21163F103,2,NA,408
21163F104,2,NA,292
21163F105,2,NA,398
21165A101,6,72,194
21165A102,6,52,161
21165ABSENTEE MACHINE,6,59,130
21165ABSENTEE PAPER,6,59,92
21165B101,6,172,436
21165C101,6,132,311
21165D101,6,105,300
21165E101,6,105,302
21169A101,1,134,466
21169A102,1,102,445
21169A103,1,89,541
21169A104,1,60,191
21169AB,1,64,215
21169B101,1,71,192
21169B102,1,9,81
21169B103,1,49,240
21169B104,1,65,200
21169C101,1,68,361
21169C102,1,41,157
21169D101,1,76,330
21169D102,1,37,160
21171A101,1,12,141
21171A102,1,25,585
21171A103,1,9,116
21171AB,1,15,301
21171B101,1,19,490
21171B102,1,34,283
21171C101,1,31,457
21171C102,1,11,218
21171C103,1,36,356
21171D101,1,16,384
21171D102,1,42,464
21171E101,1,41,358
21171E102,1,25,462
21173A101,6,112,189
21173A102,6,147,280
21173A103,6,202,388
21173A104,6,155,375
21173A105,6,138,60
21173A106,6,197,380
21173AB,6,168,377
21173B101,6,161,517
21173B102,6,180,586
21173B103,6,161,418
21173B104,6,188,535
21173B105,6,171,474
21173B107,6,171,551
21173B108,6,201,532
21173C101,6,99,318
21173C102,6,203,616
21173C103,6,222,722
21173C104,6,211,503
21173C105,6,127,235
21177A101,1,86,49
21177A102,1,170,165
21177A103,1,94,156
21177A104,1,122,176
21177A106,1,124,181
21177A107,1,127,216
21177AB,1,320,511
21177B101,1,183,215
21177B102,1,161,335
21177B103,1,128,301
21177B104,1,271,472
21177B105,1,96,188
21177C101,1,230,598
21177C103,1,168,227
21177C104,1,216,380
21177C106,1,213,426
21177D101,1,251,495
21177D102,1,132,253
21177D103,1,254,521
21177D104,1,131,269
21177E101,1,133,141
21177E102,1,143,97
21177E103,1,273,559
21177E104,1,189,381
21177E105,1,136,383
21177E107,1,55,143
21179A101,2,NA,97
21179A102,2,NA,775
21179A103,2,NA,460
21179A104,2,NA,498
21179A105,2,NA,721
21179AB,2,NA,784
21179B101,2,NA,922
21179B102,2,NA,358
21179B103,2,NA,736
21179B104,2,NA,768
21179C101,2,NA,463
21179C102,2,NA,542
21179C103,2,NA,567
21179C104,2,NA,395
21179C105,2,NA,571
21179D101,2,NA,493
21179D102,2,NA,996
21179D103,2,NA,674
21179D104,2,NA,570
21179D105,2,NA,785
21179E101,2,NA,421
21179E102,2,NA,845
21179E103,2,NA,600
21179E104,2,NA,508
21179E105,2,NA,460
21181A101,6,125,318
21181AB,6,77,160
21181B101,6,148,384
21181C101,6,110,401
21181D101,6,187,378
21181E101,6,125,392
21183A101,1,125,424
21183A102,1,103,311
21183A104,1,63,222
21183A105,1,143,425
21183AB,1,147,392
21183B101,1,155,389
21183B102,1,207,651
21183B103,1,86,294
21183C101,1,99,204
21183C102,1,131,376
21183C103,1,195,565
21183C104,1,140,429
21183D101,1,133,400
21183D102,1,165,496
21183D104,1,88,262
21183D106,1,69,174
21183E101,1,156,566
21183E102,1,76,414
21183E103,1,93,371
21183E105,1,53,183
21185A101,4,382,855
21185A103,4,356,885
21185A104,4,399,807
21185AB,4,670,1491
21185B101,4,153,316
21185B102,4,318,769
21185B104,4,158,421
21185B105,4,301,967
21185B106,4,247,469
21185C101,4,138,493
21185C102,4,236,712
21185C103,4,194,514
21185C105,4,168,492
21185C106,4,143,328
21185D101,4,305,637
21185D103,4,183,775
21185D104,4,112,426
21185D106,4,248,569
21185E101,4,224,706
21185E102,4,352,986
21185E103,4,192,471
21185E104,4,133,213
21185E105,4,207,544
21185E106,4,53,161
21185F101,4,148,358
21185F102,4,227,593
21185F103,4,255,522
21185F104,4,152,409
21185F105,4,318,760
21185F106,4,44,140
21185G101,4,268,824
21185G102,4,318,927
21185G103,4,341,641
21185G105,4,82,262
21185H101,4,397,841
21185H103,4,243,603
21185H104,4,206,507
21185H105,4,154,343
21185H106,4,104,330
21187A101,4,50,156
21187A103,4,71,274
21187A104,4,17,107
21187A105,4,103,356
21187AB,4,91,221
21187B102,4,136,457
21187B103,4,131,363
21187C101,4,88,316
21187C103,4,69,240
21187C104,4,78,294
21187D101,4,149,298
21187D102,4,102,281
21187D103,4,89,236
21191A101,4,32,223
21191A102,4,111,408
21191A103,4,59,333
21191ABSENTEE MACHINE,4,67,241
21191ABSENTEE PAPER,4,49,95
21191B101,4,136,463
21191B102,4,129,441
21191B103,4,110,373
21191C101,4,72,315
21191C102,4,119,337
21191C103,4,48,232
21191D101,4,150,416
21191D102,4,76,251
21191D103,4,104,327
21193A101,5,NA,214
21193A102,5,NA,210
21193A103,5,NA,230
21193A104,5,NA,72
21193A105,5,NA,245
21193A107,5,NA,196
21193A108,5,NA,83
21193A109,5,NA,281
21193A110,5,NA,223
21193A111,5,NA,75
21193A112,5,NA,324
21193A113,5,NA,244
21193A114,5,NA,367
21193AB,5,NA,440
21193B101,5,NA,220
21193B102,5,NA,163
21193B103,5,NA,232
21193B104,5,NA,129
21193B105,5,NA,298
21193B106,5,NA,297
21193B107,5,NA,133
21193B108,5,NA,98
21193B109,5,NA,134
21193B110,5,NA,231
21193B111,5,NA,128
21193B112,5,NA,117
21193B113,5,NA,206
21193C102,5,NA,270
21193C103,5,NA,212
21193C104,5,NA,253
21193C105,5,NA,183
21193C106,5,NA,213
21193C107,5,NA,346
21193C108,5,NA,160
21193C109,5,NA,204
21193C110,5,NA,241
21193C111,5,NA,149
21193C114,5,NA,296
21195A101,5,NA,228
21195A102,5,NA,376
21195A103,5,NA,394
21195A104,5,NA,674
21195A105,5,NA,260
21195A106,5,NA,671
21195A107,5,NA,393
21195A108,5,NA,421
21195A109,5,NA,218
21195A110,5,NA,315
21195AB,5,NA,867
21195B101,5,NA,516
21195B102,5,NA,634
21195B103,5,NA,520
21195B104,5,NA,297
21195B105,5,NA,488
21195B106,5,NA,373
21195B107,5,NA,320
21195C101,5,NA,247
21195C102,5,NA,140
21195C103,5,NA,370
21195C104,5,NA,142
21195C105,5,NA,314
21195C106,5,NA,143
21195C107,5,NA,139
21195C108,5,NA,267
21195C109,5,NA,231
21195C110,5,NA,111
21195C111,5,NA,539
21195C112,5,NA,129
21195D101,5,NA,519
21195D102,5,NA,354
21195D103,5,NA,397
21195D104,5,NA,201
21195D105,5,NA,249
21195D106,5,NA,283
21195D107,5,NA,150
21195D108,5,NA,218
21195D109,5,NA,99
21195D110,5,NA,177
21195D111,5,NA,460
21195E101,5,NA,291
21195E102,5,NA,267
21195E103,5,NA,576
21195E104,5,NA,244
21195E105,5,NA,265
21195E106,5,NA,214
21195E107,5,NA,480
21195E108,5,NA,155
21195E109,5,NA,220
21195F101,5,NA,218
21195F102,5,NA,221
21195F103,5,NA,271
21195F104,5,NA,724
21195F105,5,NA,384
21195F106,5,NA,314
21195F107,5,NA,295
21195F108,5,NA,640
21199A101,5,NA,183
21199A102,5,NA,696
21199A103,5,NA,728
21199A104,5,NA,216
21199A105,5,NA,206
21199A106,5,NA,1114
21199A108,5,NA,972
21199A110,5,NA,264
21199A111,5,NA,99
21199A112,5,NA,167
21199AB,5,NA,1630
21199B101,5,NA,330
21199B102,5,NA,122
21199B103,5,NA,241
21199B104,5,NA,264
21199B105,5,NA,546
21199B106,5,NA,443
21199B107,5,NA,259
21199B108,5,NA,260
21199B109,5,NA,393
21199B110,5,NA,601
21199B111,5,NA,304
21199B112,5,NA,354
21199B113,5,NA,175
21199C101,5,NA,194
21199C102,5,NA,719
21199C103,5,NA,442
21199C104,5,NA,768
21199C105,5,NA,775
21199C106,5,NA,667
21199C110,5,NA,857
21199C111,5,NA,225
21199C112,5,NA,144
21199C113,5,NA,72
21199D101,5,NA,281
21199D102,5,NA,239
21199D103,5,NA,295
21199D104,5,NA,416
21199D105,5,NA,500
21199D106,5,NA,379
21199D107,5,NA,169
21199D108,5,NA,301
21199D109,5,NA,383
21199D110,5,NA,745
21199D111,5,NA,262
21199D113,5,NA,155
21199D115,5,NA,209
21199E101,5,NA,226
21199E103,5,NA,904
21199E104,5,NA,423
21199E105,5,NA,668
21199E107,5,NA,128
21199E108,5,NA,594
21199E109,5,NA,247
21199E110,5,NA,104
21199E111,5,NA,679
21199E112,5,NA,279
21203A101,5,NA,749
21203A102,5,NA,342
21203ABSENTEE MACHINE,5,NA,156
21203ABSENTEE PAPER,5,NA,138
21203B101,5,NA,347
21203B102,5,NA,537
21203C101,5,NA,614
21203C102,5,NA,560
21203C103,5,NA,165
21203D101,5,NA,618
21203D102,5,NA,335
21203D103,5,NA,92
21203E101,5,NA,328
21203E102,5,NA,279
21203E103,5,NA,218
21203E104,5,NA,69
21203E105,5,NA,122
21205A101,5,NA,155
21205A102,5,NA,508
21205A103,5,NA,96
21205A105,5,NA,123
21205A106,5,NA,621
21205AB,5,NA,428
21205B102,5,NA,199
21205B104,5,NA,447
21205B105,5,NA,519
21205B106,5,NA,797
21205C101,5,NA,454
21205C102,5,NA,230
21205C103,5,NA,126
21205C104,5,NA,237
21205C106,5,NA,327
21205D101,5,NA,122
21205D102,5,NA,344
21205D103,5,NA,475
21205D104,5,NA,244
21207A101,1,88,346
21207A102,1,75,366
21207A103,1,70,473
21207AB,1,97,518
21207B101,1,63,339
21207B102,1,57,303
21207B103,1,69,527
21207C101,1,81,500
21207C102,1,68,284
21207C103,1,35,433
21207C104,1,44,166
21207D101,1,58,452
21207D102,1,53,457
21207D103,1,40,382
21207E101,1,113,562
21207E102,1,48,261
21207E103,1,51,308
21209A100,6,157,421
21209A102,6,59,316
21209A104,6,84,267
21209A106,6,244,607
21209A110,6,124,364
21209A112,6,86,250
21209A114,6,24,53
21209A116,6,139,250
21209AB,6,466,902
21209B101,6,226,444
21209B103,6,132,377
21209B105,6,136,315
21209B109,6,117,217
21209B111,6,115,380
21209B113,6,148,383
21209C108,6,148,463
21209C110,6,135,323
21209C112,6,200,455
21209C114,6,160,249
21209C116,6,176,485
21209C118,6,241,502
21209D111,6,195,492
21209D113,6,250,832
21209D115,6,159,357
21209D119,6,202,445
21209D121,6,116,372
21209D123,6,230,447
21209E118,6,117,203
21209E120,6,108,153
21209E122,6,236,145
21209E124,6,163,203
21209E126,6,170,247
21209E128,6,86,205
21209F117,6,190,498
21209F119,6,123,195
21209F121,6,184,369
21209F123,6,186,253
21209F125,6,84,129
21209F127,6,189,529
21209F129,6,156,343
21209F131,6,133,198
21209G128,6,157,178
21209G130,6,174,230
21209G132,6,221,474
21209G134,6,202,460
21209G136,6,208,491
21209G138,6,0,0
21211A101,4,174,525
21211A102,4,241,263
21211A103,4,108,330
21211A104,4,96,367
21211A105,4,147,324
21211AB,4,355,752
21211B101,4,142,485
21211B102,4,174,518
21211B103,4,70,208
21211B104,4,289,630
21211B105,4,153,401
21211C101,4,221,504
21211C102,4,162,415
21211C103,4,202,359
21211C104,4,153,439
21211C105,4,216,376
21211D101,4,95,303
21211D102,4,159,474
21211D103,4,195,369
21211D104,4,101,329
21211D105,4,162,382
21211E101,4,305,506
21211E102,4,153,406
21211E103,4,168,473
21211E104,4,95,292
21211E105,4,22,109
21211F101,4,189,577
21211F102,4,219,585
21211F103,4,130,326
21211F104,4,94,216
21211F105,4,102,521
21211G101,4,225,303
21211G102,4,132,236
21211G103,4,235,394
21211G104,4,246,210
21213A101,1,143,598
21213A102,1,113,446
21213A103,1,143,276
21213AB,1,140,286
21213B101,1,161,449
21213B102,1,138,152
21213B103,1,198,501
21213C101,1,85,212
21213C103,1,118,241
21213C104,1,296,934
21213D101,1,74,196
21213D102,1,94,304
21213D103,1,261,156
21213D104,1,198,345
21215AB2,2,NA,95
21215B101,2,NA,767
21215D101,2,NA,234
21215D102,2,NA,402
21215D103,2,NA,134
21215E102,2,NA,520
21217A101,1,64,289
21217A102,1,79,334
21217A104,1,227,689
21217AB,1,149,534
21217B101,1,117,396
21217B102,1,191,455
21217B103,1,91,72
21217B104,1,101,253
21217C101,1,35,151
21217C103,1,30,153
21217C104,1,113,252
21217C105,1,174,610
21217D101,1,24,154
21217D102,1,178,687
21217D104,1,169,470
21217E101,1,171,705
21217E102,1,130,281
21217E103,1,106,291
21217F101,1,78,324
21217F102,1,181,681
21217F103,1,178,465
21219A101,1,39,234
21219A102,1,90,243
21219A103,1,49,199
21219AB,1,54,187
21219B101,1,57,322
21219B102,1,48,256
21219B103,1,15,90
21219B104,1,10,77
21219C101,1,161,337
21219C102,1,104,323
21219D101,1,55,72
21219D102,1,202,587
21219E101,1,86,215
21219E102,1,197,208
21221A101,1,217,557
21221A102,1,23,71
21221AB,1,130,342
21221B101,1,70,319
21221B102,1,177,466
21221C101,1,245,529
21221D101,1,150,358
21221D102,1,7,27
21221D103,1,73,114
21221E101,1,111,300
21221E102,1,42,233
21221E104,1,46,137
21221F101,1,50,194
21221F102,1,156,550
21221G101,1,127,367
21221G102,1,111,251
21223A101,4,79,171
21223A102,4,56,164
21223A103,4,95,258
21223AB,4,60,185
21223B101,4,89,151
21223B103,4,108,260
21223B104,4,83,167
21223C101,4,76,137
21223C103,4,87,190
21223C104,4,103,275
21223D101,4,58,180
21223D102,4,65,166
21223D103,4,92,211
21225A101,1,120,376
21225A103,1,149,204
21225A104,1,104,219
21225AB,1,115,245
21225B101,1,107,265
21225B102,1,122,261
21225B103,1,102,157
21225C101,1,113,308
21225C102,1,86,208
21225C103,1,75,203
21225C104,1,37,130
21225E102,1,127,265
21225E103,1,83,275
21225E104,1,84,230
21225F101,1,181,307
21225F102,1,69,105
21225F103,1,170,305
21229A101,2,NA,251
21229A102,2,NA,393
21229A103,2,NA,95
21229AB2,2,NA,201
21229B101,2,NA,316
21229B102,2,NA,474
21229C101,2,NA,147
21229C102,2,NA,265
21229D101,2,NA,280
21229D102,2,NA,240
21229E101,2,NA,176
21229E102,2,NA,397
21229F101,2,NA,294
21229F102,2,NA,541
21231A101,5,NA,232
21231A102,5,NA,163
21231A103,5,NA,432
21231A106,5,NA,217
21231A107,5,NA,156
21231AB,5,NA,490
21231B101,5,NA,386
21231B102,5,NA,265
21231B103,5,NA,393
21231B106,5,NA,295
21231B109,5,NA,162
21231D104,5,NA,311
21231D105,5,NA,292
21231D106,5,NA,297
21231D107,5,NA,251
21231D110,5,NA,245
21231G101,5,NA,654
21231G103,5,NA,107
21231G104,5,NA,440
21231G106,5,NA,493
21233A101,1,118,462
21233A102,1,78,245
21233A103,1,97,379
21233A104,1,42,271
21233A105,1,52,173
21233AB,1,90,205
21233B101,1,75,176
21233B102,1,127,382
21233B103,1,88,202
21233B104,1,60,191
21233B105,1,101,309
21233C101,1,222,358
21233C102,1,78,223
21233C103,1,129,258
21233C104,1,90,267
21235A101,5,NA,67
21235A103,5,NA,417
21235A104,5,NA,330
21235A105,5,NA,217
21235A106,5,NA,381
21235A107,5,NA,215
21235A109,5,NA,581
21235A111,5,NA,223
21235AB,5,NA,693
21235B101,5,NA,630
21235B102,5,NA,144
21235B104,5,NA,126
21235B105,5,NA,463
21235B106,5,NA,503
21235B107,5,NA,530
21235B108,5,NA,137
21235B109,5,NA,161
21235B110,5,NA,518
21235C101,5,NA,99
21235C102,5,NA,118
21235C103,5,NA,51
21235C104,5,NA,278
21235C105,5,NA,135
21235C106,5,NA,251
21235C107,5,NA,345
21235C108,5,NA,228
21235C109,5,NA,129
21235C110,5,NA,148
21235C111,5,NA,248
21235C112,5,NA,183
21235C113,5,NA,125
21235C114,5,NA,144
21235D101,5,NA,619
21235D102,5,NA,559
21235D104,5,NA,716
21235D105,5,NA,433
21235D106,5,NA,730
21239A101,6,225,391
21239A102,6,407,390
21239AB,6,343,497
21239B101,6,180,305
21239B102,6,143,196
21239B103,6,171,173
21239C101,6,251,585
21239C102,6,270,443
21239D101,6,309,614
21239D102,6,255,412
21239E101,6,271,348
21239E102,6,261,280
21239F101,6,225,627
21239F102,6,302,645
21239G101,6,301,483
21239G102,6,200,494
21239G103,6,172,466
21239H101,6,144,391
21239H102,6,220,400
21239H103,6,223,510
